MORPHE,35XO NATURAL FLIRT ARTISTRY PALETTE,SINGLE LIFE,MATTE AND SHIMMER,239,233,226
MORPHE,35XO NATURAL FLIRT ARTISTRY PALETTE,ACROSS THE ROOM,MATTE AND SHIMMER,232,195,173
MORPHE,35XO NATURAL FLIRT ARTISTRY PALETTE,COME HERE OFTEN ,MATTE AND SHIMMER,243,208,200
MORPHE,35XO NATURAL FLIRT ARTISTRY PALETTE,YOUR MOVE,MATTE AND SHIMMER,233,180,180
MORPHE,35XO NATURAL FLIRT ARTISTRY PALETTE,HAIR FLIP,MATTE AND SHIMMER,207,160,140
MORPHE,35XO NATURAL FLIRT ARTISTRY PALETTE,GET THE DIGITS,MATTE AND SHIMMER,230,174,148
MORPHE,35XO NATURAL FLIRT ARTISTRY PALETTE,EYE CONTACT,MATTE AND SHIMMER,247,172,171
MORPHE,35XO NATURAL FLIRT ARTISTRY PALETTE,U UP?,MATTE AND SHIMMER,198,132,115
MORPHE,35XO NATURAL FLIRT ARTISTRY PALETTE,MESSAGE READ,MATTE AND SHIMMER,191,121,117
MORPHE,35XO NATURAL FLIRT ARTISTRY PALETTE,MAJOR SEDUCTION,MATTE AND SHIMMER,219,155,165
MORPHE,35XO NATURAL FLIRT ARTISTRY PALETTE,TOUCHY FEELY,MATTE AND SHIMMER,197,128,146
MORPHE,35XO NATURAL FLIRT ARTISTRY PALETTE,HARD TO GET ,MATTE AND SHIMMER,230,149,154
MORPHE,35XO NATURAL FLIRT ARTISTRY PALETTE,BODY LANGUAGE,MATTE AND SHIMMER,181,126,104
MORPHE,35XO NATURAL FLIRT ARTISTRY PALETTE,JUST FRIENDS,MATTE AND SHIMMER,184,120,96
MORPHE,35XO NATURAL FLIRT ARTISTRY PALETTE,MET ONLINE ,MATTE AND SHIMMER,142,87,87
MORPHE,35XO NATURAL FLIRT ARTISTRY PALETTE,MATCH MAKER,MATTE AND SHIMMER,177,94,74
MORPHE,35XO NATURAL FLIRT ARTISTRY PALETTE,DOUBLE TAP,MATTE AND SHIMMER,174,92,90
MORPHE,35XO NATURAL FLIRT ARTISTRY PALETTE,THE CHASE,MATTE AND SHIMMER,192,128,106
MORPHE,35XO NATURAL FLIRT ARTISTRY PALETTE,TALK FEELINGS,MATTE AND SHIMMER,183,101,117
MORPHE,35XO NATURAL FLIRT ARTISTRY PALETTE,TOO SWOON,MATTE AND SHIMMER,157,95,105
MORPHE,35XO NATURAL FLIRT ARTISTRY PALETTE,SLAY THE FIELD,MATTE AND SHIMMER,187,112,94
MORPHE,35XO NATURAL FLIRT ARTISTRY PALETTE,CHARMER,MATTE AND SHIMMER,110,62,51
MORPHE,35XO NATURAL FLIRT ARTISTRY PALETTE,DATING HISTORY,MATTE AND SHIMMER,142,77,74
MORPHE,35XO NATURAL FLIRT ARTISTRY PALETTE,KISS ME,MATTE AND SHIMMER,229,150,186
MORPHE,35XO NATURAL FLIRT ARTISTRY PALETTE,CRUSHIN' HARD,MATTE AND SHIMMER,164,84,89
MORPHE,35XO NATURAL FLIRT ARTISTRY PALETTE,SECOND DATE,MATTE AND SHIMMER,97,44,43
MORPHE,35XO NATURAL FLIRT ARTISTRY PALETTE,SHOW SOME SKIN,MATTE AND SHIMMER,134,76,82
MORPHE,35XO NATURAL FLIRT ARTISTRY PALETTE,LET'S SNUGGLE,MATTE AND SHIMMER,134,80,62
MORPHE,35XO NATURAL FLIRT ARTISTRY PALETTE,LOVE STORY,MATTE AND SHIMMER,134,53,92
MORPHE,35XO NATURAL FLIRT ARTISTRY PALETTE,OVER THE MOON,MATTE AND SHIMMER,144,79,87
MORPHE,35XO NATURAL FLIRT ARTISTRY PALETTE,MEET THE RENTS,MATTE AND SHIMMER,103,36,100
MORPHE,35XO NATURAL FLIRT ARTISTRY PALETTE,HAPPY EVER AFTER,MATTE AND SHIMMER,143,53,84
MORPHE,35XO NATURAL FLIRT ARTISTRY PALETTE,PLUS ONE ,MATTE AND SHIMMER,141,69,95
MORPHE,35XO NATURAL FLIRT ARTISTRY PALETTE,WITH THIS BLING,MATTE AND SHIMMER,114,55,77
MORPHE,35XO NATURAL FLIRT ARTISTRY PALETTE,MAKE IT OFFICIAL,MATTE AND SHIMMER,60,37,36
MORPHE,JACLYNE HILL PALETTE VOLUME 2,Certified˜/ matte pearl,"matte, satin, and shimmer",239,206,196
MORPHE,JACLYNE HILL PALETTE VOLUME 3,I'm In It˜/ satin cotton candy,"matte, satin, and shimmer",245,212,205
MORPHE,JACLYNE HILL PALETTE VOLUME 4,Love Handles˜/ matte peach cobbler,"matte, satin, and shimmer",230,115,93
MORPHE,JACLYNE HILL PALETTE VOLUME 5,Comfort Zone˜/ matte nutmeg,"matte, satin, and shimmer",205,112,80
MORPHE,JACLYNE HILL PALETTE VOLUME 6,Perfectionist˜/ matte nectarine,"matte, satin, and shimmer",216,126,102
MORPHE,JACLYNE HILL PALETTE VOLUME 7,Ride-or-Diamonds˜/ shimmering rosy copper,"matte, satin, and shimmer",173,104,90
MORPHE,JACLYNE HILL PALETTE VOLUME 8,Thick Skin˜/ matte terracotta,"matte, satin, and shimmer",190,93,71
MORPHE,JACLYNE HILL PALETTE VOLUME 9,No Joke˜/ matte dandelion,"matte, satin, and shimmer",255,192,15
MORPHE,JACLYNE HILL PALETTE VOLUME 10,Taliya˜/ shimmering gold leaf,"matte, satin, and shimmer",234,177,82
MORPHE,JACLYNE HILL PALETTE VOLUME 11,Feelin' Myself˜/ matte tangerine,"matte, satin, and shimmer",253,113,24
MORPHE,JACLYNE HILL PALETTE VOLUME 12,Homebody˜/ matte mahogany,"matte, satin, and shimmer",190,87,58
MORPHE,JACLYNE HILL PALETTE VOLUME 13,GRWM˜/ shimmering natural copper,"matte, satin, and shimmer",198,127,101
MORPHE,JACLYNE HILL PALETTE VOLUME 14,Boujee˜/ shimmering peach bellini,"matte, satin, and shimmer",220,122,114
MORPHE,JACLYNE HILL PALETTE VOLUME 15,Drama Queen˜/ shimmering pink diamond,"matte, satin, and shimmer",197,132,123
MORPHE,JACLYNE HILL PALETTE VOLUME 16,Flawed & Awed˜/ shimmering marmalade,"matte, satin, and shimmer",228,136,65
MORPHE,JACLYNE HILL PALETTE VOLUME 17,G-Money˜/ matte mustard seed,"matte, satin, and shimmer",166,92,55
MORPHE,JACLYNE HILL PALETTE VOLUME 18,Positivi-TEA˜/ matte electric coral,"matte, satin, and shimmer",252,113,103
MORPHE,JACLYNE HILL PALETTE VOLUME 19,My Man˜/ matte neon orange,"matte, satin, and shimmer",252,85,46
MORPHE,JACLYNE HILL PALETTE VOLUME 20,Grateful˜/ matte clay brick,"matte, satin, and shimmer",200,91,57
MORPHE,JACLYNE HILL PALETTE VOLUME 21,Heart On˜/ matte strawberry daiquiri,"matte, satin, and shimmer",244,60,68
MORPHE,JACLYNE HILL PALETTE VOLUME 22,Livin' My Best˜/ matte cherry with pink sparkle,"matte, satin, and shimmer",199,37,53
MORPHE,JACLYNE HILL PALETTE VOLUME 23,A Moment˜/ shimmering lilac,"matte, satin, and shimmer",175,77,132
MORPHE,JACLYNE HILL PALETTE VOLUME 24,Therapy Sesh˜/ matte orchid,"matte, satin, and shimmer",197,91,161
MORPHE,JACLYNE HILL PALETTE VOLUME 25,Lolli Mama˜/ matte fuchsia,"matte, satin, and shimmer",234,74,118
MORPHE,JACLYNE HILL PALETTE VOLUME 26,Tipsy Girl˜/ matte hot pink,"matte, satin, and shimmer",250,56,137
MORPHE,JACLYNE HILL PALETTE VOLUME 27,Empowered˜/ shimmering raspberry jam,"matte, satin, and shimmer",144,35,50
MORPHE,JACLYNE HILL PALETTE VOLUME 28,Next˜/ matte sangria,"matte, satin, and shimmer",147,51,65
MORPHE,JACLYNE HILL PALETTE VOLUME 29,Dance Party˜/ matte fruit punch,"matte, satin, and shimmer",196,27,79
MORPHE,JACLYNE HILL PALETTE VOLUME 30,Stay True˜/ matte berry,"matte, satin, and shimmer",166,38,93
MORPHE,JACLYNE HILL PALETTE VOLUME 31,Not My Journey˜/ matte amethyst with pink sparkle,"matte, satin, and shimmer",131,54,130
MORPHE,JACLYNE HILL PALETTE VOLUME 32,Good Place˜/ satin purple tulip,"matte, satin, and shimmer",125,51,100
MORPHE,JACLYNE HILL PALETTE VOLUME 33,Paolo˜/ shimmering fig,"matte, satin, and shimmer",149,68,81
MORPHE,JACLYNE HILL PALETTE VOLUME 34,"Oh, Hello!˜/ matte black raspberry","matte, satin, and shimmer",161,53,75
MORPHE,JACLYNE HILL PALETTE VOLUME 35,Crazy˜/ matte merlot,"matte, satin, and shimmer",128,43,49
MORPHE,JACLYNE HILL PALETTE VOLUME 36,Temptress˜/ glinting pitch black,"matte, satin, and shimmer",50,40,43
MORPHE,MORPHE X MADDIE ZEIGLER THE IMAGINATION PALETTE,Butterfly Fantasy˜/ matte cream,"matte, shimmer, duo chrome, and glitter",254,222,212
MORPHE,MORPHE X MADDIE ZEIGLER THE IMAGINATION PALETTE,Maddiegirl˜/ matte pink sherbert,"matte, shimmer, duo chrome, and glitter",254,199,199
MORPHE,MORPHE X MADDIE ZEIGLER THE IMAGINATION PALETTE,M3˜/ matte cinnamon,"matte, shimmer, duo chrome, and glitter",198,125,100
MORPHE,MORPHE X MADDIE ZEIGLER THE IMAGINATION PALETTE,To the Moon˜/ gold glitter,"matte, shimmer, duo chrome, and glitter",193,135,96
MORPHE,MORPHE X MADDIE ZEIGLER THE IMAGINATION PALETTE,And Back˜/ shimmering red copper,"matte, shimmer, duo chrome, and glitter",206,125,114
MORPHE,MORPHE X MADDIE ZEIGLER THE IMAGINATION PALETTE,Godmom˜/ shimmering icy ros?,"matte, shimmer, duo chrome, and glitter",195,147,145
MORPHE,MORPHE X MADDIE ZEIGLER THE IMAGINATION PALETTE,Crushed˜/ matte flaming coral,"matte, shimmer, duo chrome, and glitter",234,111,119
MORPHE,MORPHE X MADDIE ZEIGLER THE IMAGINATION PALETTE,Angel˜/ champagne pink duo chrome,"matte, shimmer, duo chrome, and glitter",232,198,182
MORPHE,MORPHE X MADDIE ZEIGLER THE IMAGINATION PALETTE,Latte˜/ matte caf? latte,"matte, shimmer, duo chrome, and glitter",182,128,94
MORPHE,MORPHE X MADDIE ZEIGLER THE IMAGINATION PALETTE,Kenny˜/ matte red rust,"matte, shimmer, duo chrome, and glitter",219,103,56
MORPHE,MORPHE X MADDIE ZEIGLER THE IMAGINATION PALETTE,Dancing Queen˜/ shimmering hot pink,"matte, shimmer, duo chrome, and glitter",233,154,209
MORPHE,MORPHE X MADDIE ZEIGLER THE IMAGINATION PALETTE,Like Butter˜/ matte neon yellow,"matte, shimmer, duo chrome, and glitter",233,235,98
MORPHE,MORPHE X MADDIE ZEIGLER THE IMAGINATION PALETTE,5˜/ matte baby blue,"matte, shimmer, duo chrome, and glitter",157,217,242
MORPHE,MORPHE X MADDIE ZEIGLER THE IMAGINATION PALETTE,She Insists˜/ matte orchid purple,"matte, shimmer, duo chrome, and glitter",233,144,231
MORPHE,MORPHE X MADDIE ZEIGLER THE IMAGINATION PALETTE,Mint˜/ matte jade green,"matte, shimmer, duo chrome, and glitter",111,198,171
MORPHE,MORPHE X MADDIE ZEIGLER THE IMAGINATION PALETTE,Godfather˜/ shimmering peach gold,"matte, shimmer, duo chrome, and glitter",215,163,124
MORPHE,MORPHE X MADDIE ZEIGLER THE IMAGINATION PALETTE,ASAP˜/ shimmering hazelnut,"matte, shimmer, duo chrome, and glitter",134,79,54
MORPHE,MORPHE X MADDIE ZEIGLER THE IMAGINATION PALETTE,Go Home˜/ matte mulberry,"matte, shimmer, duo chrome, and glitter",118,33,68
MORPHE,MORPHE X MADDIE ZEIGLER THE IMAGINATION PALETTE,Possy˜/ shimmering ultraviolet,"matte, shimmer, duo chrome, and glitter",99,76,145
MORPHE,MORPHE X MADDIE ZEIGLER THE IMAGINATION PALETTE,Pantera˜/ matte black,"matte, shimmer, duo chrome, and glitter",49,42,42
MORPHE,24 M MAIN EVENT ARTISTRY PALETTE,Free Spirit˜/ shimmering champagne,"matte, shimmer, and silk slip toppers",213,175,155
MORPHE,25 M MAIN EVENT ARTISTRY PALETTE,Acoustic˜/ matte hazelnut cr?me,"matte, shimmer, and silk slip toppers",177,132,119
MORPHE,26 M MAIN EVENT ARTISTRY PALETTE,Wild Child˜/ earthy bronze glitter,"matte, shimmer, and silk slip toppers",120,79,62
MORPHE,27 M MAIN EVENT ARTISTRY PALETTE,Abbey˜/ shimmering iced mocha,"matte, shimmer, and silk slip toppers",158,128,134
MORPHE,28 M MAIN EVENT ARTISTRY PALETTE,Secret Gig˜/ matte cool taupe,"matte, shimmer, and silk slip toppers",149,122,104
MORPHE,29 M MAIN EVENT ARTISTRY PALETTE,Avalon˜/ shimmering copper rose,"matte, shimmer, and silk slip toppers",163,81,92
MORPHE,30 M MAIN EVENT ARTISTRY PALETTE,Wellies˜/ matte hickory with sparkle,"matte, shimmer, and silk slip toppers",114,83,80
MORPHE,31 M MAIN EVENT ARTISTRY PALETTE,TBA˜/ fuchsia glitter,"matte, shimmer, and silk slip toppers",144,51,113
MORPHE,32 M MAIN EVENT ARTISTRY PALETTE,1970˜/ matte paprika,"matte, shimmer, and silk slip toppers",201,86,63
MORPHE,33 M MAIN EVENT ARTISTRY PALETTE,Sacred˜/ matte raspberry,"matte, shimmer, and silk slip toppers",183,83,114
MORPHE,34 M MAIN EVENT ARTISTRY PALETTE,Legends˜/ golden glitter,"matte, shimmer, and silk slip toppers",167,125,91
MORPHE,35 M MAIN EVENT ARTISTRY PALETTE,Silver Haze˜/ silver chrome silk slip topper,"matte, shimmer, and silk slip toppers",151,156,167
MORPHE,36 M MAIN EVENT ARTISTRY PALETTE,Supersonic˜/ golden gunmetal silk slip topper,"matte, shimmer, and silk slip toppers",96,86,79
MORPHE,37 M MAIN EVENT ARTISTRY PALETTE,Fayre˜/ black silver glitter,"matte, shimmer, and silk slip toppers",73,76,82
MORPHE,38 M MAIN EVENT ARTISTRY PALETTE,Somerset˜/ shimmering turmeric,"matte, shimmer, and silk slip toppers",201,150,69
MORPHE,39 M MAIN EVENT ARTISTRY PALETTE,Whirl˜/ shimmering midnight blue,"matte, shimmer, and silk slip toppers",73,89,110
MORPHE,40 M MAIN EVENT ARTISTRY PALETTE,Pyramid˜/ shimmering vintage mauve,"matte, shimmer, and silk slip toppers",145,119,137
MORPHE,41 M MAIN EVENT ARTISTRY PALETTE,Tipi˜/ matte mustard,"matte, shimmer, and silk slip toppers",204,160,77
MORPHE,42 M MAIN EVENT ARTISTRY PALETTE,Green Fields˜/ matte deep olive,"matte, shimmer, and silk slip toppers",142,113,68
MORPHE,43 M MAIN EVENT ARTISTRY PALETTE,Act 1˜/ matte moss green liner,"matte, shimmer, and silk slip toppers",111,97,63
MORPHE,44 M MAIN EVENT ARTISTRY PALETTE,Act 2˜/ matte navy blue liner,"matte, shimmer, and silk slip toppers",65,71,96
MORPHE,45 M MAIN EVENT ARTISTRY PALETTE,Act 3˜/ matte red liner,"matte, shimmer, and silk slip toppers",157,54,52
MORPHE,46 M MAIN EVENT ARTISTRY PALETTE,Act 4˜/ matte chocolate brown liner,"matte, shimmer, and silk slip toppers",121,89,74
MORPHE,47 M MAIN EVENT ARTISTRY PALETTE,Act 5˜/ matte black liner,"matte, shimmer, and silk slip toppers",46,43,48
MORPHE,MADISON BEER CHANNEL SURFING ARTISTRY PALETTE,WHITE RABBIT,MATTE AND SHIMMER,240,210,200
MORPHE,MADISON BEER CHANNEL SURFING ARTISTRY PALETTE,STAINED GLASS,MATTE AND SHIMMER,220,197,185
MORPHE,MADISON BEER CHANNEL SURFING ARTISTRY PALETTE,BABY ,MATTE AND SHIMMER,234,185,166
MORPHE,MADISON BEER CHANNEL SURFING ARTISTRY PALETTE,ZERO,MATTE AND SHIMMER,179,109,64
MORPHE,MADISON BEER CHANNEL SURFING ARTISTRY PALETTE,MARCELINE,MATTE AND SHIMMER,166,91,79
MORPHE,MADISON BEER CHANNEL SURFING ARTISTRY PALETTE,C-137,MATTE AND SHIMMER,194,130,106
MORPHE,MADISON BEER CHANNEL SURFING ARTISTRY PALETTE,ZEPPELINE,MATTE AND SHIMMER,139,95,76
MORPHE,MADISON BEER CHANNEL SURFING ARTISTRY PALETTE,DEVIL IN A DRESS,MATTE AND SHIMMER,169,90,75
MORPHE,MADISON BEER CHANNEL SURFING ARTISTRY PALETTE,PISCES ,MATTE AND SHIMMER,204,137,103
MORPHE,MADISON BEER CHANNEL SURFING ARTISTRY PALETTE,BANANA,MATTE AND SHIMMER,122,91,66
MORPHE,MADISON BEER CHANNEL SURFING ARTISTRY PALETTE,EMOTIONAL BRUISES,MATTE AND SHIMMER,198,145,147
MORPHE,MADISON BEER CHANNEL SURFING ARTISTRY PALETTE,PIXIE,MATTE AND SHIMMER,174,125,137
MORPHE,MADISON BEER CHANNEL SURFING ARTISTRY PALETTE,FIGHT CLUB,MATTE AND SHIMMER,171,113,107
MORPHE,MADISON BEER CHANNEL SURFING ARTISTRY PALETTE,PRESTIGE,MATTE AND SHIMMER,217,131,133
MORPHE,MADISON BEER CHANNEL SURFING ARTISTRY PALETTE,JERICHO,MATTE AND SHIMMER,202,156,119
MORPHE,MADISON BEER CHANNEL SURFING ARTISTRY PALETTE,BAMBI,MATTE AND SHIMMER,97,57,53
MORPHE,MADISON BEER CHANNEL SURFING ARTISTRY PALETTE,3553,MATTE AND SHIMMER,118,74,68
MORPHE,MADISON BEER CHANNEL SURFING ARTISTRY PALETTE,COSMOS,MATTE AND SHIMMER,168,94,100
MORPHE,MADISON BEER CHANNEL SURFING ARTISTRY PALETTE,LIFE SUPPORT,MATTE AND SHIMMER,118,59,58
MORPHE,MADISON BEER CHANNEL SURFING ARTISTRY PALETTE,RABBIT HOLE,MATTE AND SHIMMER,44,40,48
MORPHE,35 C EVERY DAT CHIC ARTISTERY PALETTE,CHEERS TO YOU,MATTE AND SHIMMER,239,222,219
MORPHE,36 C EVERY DAT CHIC ARTISTERY PALETTE,CHIC IT OUT,MATTE AND SHIMMER,254,212,203
MORPHE,37 C EVERY DAT CHIC ARTISTERY PALETTE,WHOA IS ME,MATTE AND SHIMMER,220,191,184
MORPHE,38 C EVERY DAT CHIC ARTISTERY PALETTE,GETTING READY ,MATTE AND SHIMMER,214,172,175
MORPHE,39 C EVERY DAT CHIC ARTISTERY PALETTE,BE MY GUEST,MATTE AND SHIMMER,235,196,186
MORPHE,40 C EVERY DAT CHIC ARTISTERY PALETTE,LOVE IT,MATTE AND SHIMMER,243,189,196
MORPHE,41 C EVERY DAT CHIC ARTISTERY PALETTE,FEELIN' PARTY,MATTE AND SHIMMER,233,173,175
MORPHE,42 C EVERY DAT CHIC ARTISTERY PALETTE,CUTE SHOES,MATTE AND SHIMMER,219,155,154
MORPHE,43 C EVERY DAT CHIC ARTISTERY PALETTE,ENAMORED,MATTE AND SHIMMER,194,103,118
MORPHE,44 C EVERY DAT CHIC ARTISTERY PALETTE,CLL ME GORG,MATTE AND SHIMMER,250,173,172
MORPHE,45 C EVERY DAT CHIC ARTISTERY PALETTE,MELT HEARTS,MATTE AND SHIMMER,238,188,203
MORPHE,46 C EVERY DAT CHIC ARTISTERY PALETTE,TOTAL MOOD,MATTE AND SHIMMER,140,78,99
MORPHE,47 C EVERY DAT CHIC ARTISTERY PALETTE,ON MY WAY,MATTE AND SHIMMER,231,182,159
MORPHE,48 C EVERY DAT CHIC ARTISTERY PALETTE,WEEKEND PLANS,MATTE AND SHIMMER,206,171,146
MORPHE,49 C EVERY DAT CHIC ARTISTERY PALETTE,OH LA LA,MATTE AND SHIMMER,156,107,116
MORPHE,50 C EVERY DAT CHIC ARTISTERY PALETTE,SELFIE SESH,MATTE AND SHIMMER,190,155,169
MORPHE,51 C EVERY DAT CHIC ARTISTERY PALETTE,FANCY THIS,MATTE AND SHIMMER,162,143,187
MORPHE,52 C EVERY DAT CHIC ARTISTERY PALETTE,TALK OF THE TOWN,MATTE AND SHIMMER,148,100,104
MORPHE,53 C EVERY DAT CHIC ARTISTERY PALETTE,PLAYTIME ,MATTE AND SHIMMER,174,142,184
MORPHE,54 C EVERY DAT CHIC ARTISTERY PALETTE,HELLO THERE,MATTE AND SHIMMER,211,177,178
MORPHE,55 C EVERY DAT CHIC ARTISTERY PALETTE,OH YOU,MATTE AND SHIMMER,133,84,77
MORPHE,56 C EVERY DAT CHIC ARTISTERY PALETTE,GOOD LOOKIN',MATTE AND SHIMMER,199,169,170
MORPHE,57 C EVERY DAT CHIC ARTISTERY PALETTE,IT'S A DATE,MATTE AND SHIMMER,95,70,85
MORPHE,58 C EVERY DAT CHIC ARTISTERY PALETTE,READY TO MINGLE,MATTE AND SHIMMER,162,106,145
MORPHE,59 C EVERY DAT CHIC ARTISTERY PALETTE,RSVP YES,MATTE AND SHIMMER,69,100,102
MORPHE,60 C EVERY DAT CHIC ARTISTERY PALETTE,HEADS TURN,MATTE AND SHIMMER,149,111,124
MORPHE,61 C EVERY DAT CHIC ARTISTERY PALETTE,SIDE OF SASS,MATTE AND SHIMMER,210,169,153
MORPHE,62 C EVERY DAT CHIC ARTISTERY PALETTE,HAVE A MOMENT,MATTE AND SHIMMER,218,209,198
MORPHE,63 C EVERY DAT CHIC ARTISTERY PALETTE,THX IT'S NEW,MATTE AND SHIMMER,154,144,118
MORPHE,64 C EVERY DAT CHIC ARTISTERY PALETTE,MY PLEASURE ,MATTE AND SHIMMER,124,101,88
MORPHE,65 C EVERY DAT CHIC ARTISTERY PALETTE,TEXT ME LATER,MATTE AND SHIMMER,60,64,69
MORPHE,66 C EVERY DAT CHIC ARTISTERY PALETTE,JUST PERFECT,MATTE AND SHIMMER,70,82,75
MORPHE,67 C EVERY DAT CHIC ARTISTERY PALETTE,ENTHRALLED,MATTE AND SHIMMER,91,68,73
MORPHE,68 C EVERY DAT CHIC ARTISTERY PALETTE,HEELS ON,MATTE AND SHIMMER,68,55,59
MORPHE,69 C EVERY DAT CHIC ARTISTERY PALETTE,FASHIONABLY LATE,MATTE AND SHIMMER,54,58,59
MORPHE,THE JAMES CHARLES PALETTE,Canvas /˜matte cream,"matte, metallic, and shimmer",236,205,161
MORPHE,THE JAMES CHARLES PALETTE,Ringlight˜/ shimmer pearl,"matte, metallic, and shimmer",216,206,168
MORPHE,THE JAMES CHARLES PALETTE,So Good˜/ metallic true gold,"matte, metallic, and shimmer",186,159,113
MORPHE,THE JAMES CHARLES PALETTE,518˜/ matte neon orange,"matte, metallic, and shimmer",253,140,50
MORPHE,THE JAMES CHARLES PALETTE,Rusted˜/ matte chili orange,"matte, metallic, and shimmer",235,88,56
MORPHE,THE JAMES CHARLES PALETTE,Halloween˜/ metallic copper,"matte, metallic, and shimmer",151,70,55
MORPHE,THE JAMES CHARLES PALETTE,Wig˜/ metallic warm brass,"matte, metallic, and shimmer",141,103,67
MORPHE,THE JAMES CHARLES PALETTE,Tea˜/ matte dark taupe,"matte, metallic, and shimmer",106,80,59
MORPHE,THE JAMES CHARLES PALETTE,Punch Me˜/ matte latte,"matte, metallic, and shimmer",179,135,102
MORPHE,THE JAMES CHARLES PALETTE,Sister˜/ shimmer rose gold,"matte, metallic, and shimmer",220,158,144
MORPHE,THE JAMES CHARLES PALETTE,Mary˜/ matte dusty rose,"matte, metallic, and shimmer",175,91,92
MORPHE,THE JAMES CHARLES PALETTE,Literally˜/ shimmer flamingo pink,"matte, metallic, and shimmer",224,111,94
MORPHE,THE JAMES CHARLES PALETTE,You're Kidding˜/ matte red,"matte, metallic, and shimmer",228,59,66
MORPHE,THE JAMES CHARLES PALETTE,Shook˜/ metallic cranberry,"matte, metallic, and shimmer",182,108,119
MORPHE,THE JAMES CHARLES PALETTE,Boutique˜/ matte maroon,"matte, metallic, and shimmer",133,67,71
MORPHE,THE JAMES CHARLES PALETTE,Benny˜/ matte black coffee,"matte, metallic, and shimmer",52,40,44
MORPHE,THE JAMES CHARLES PALETTE,Flashback˜/ matte true white,"matte, metallic, and shimmer",245,245,240
MORPHE,THE JAMES CHARLES PALETTE,Face˜/ shimmer champagne highlight,"matte, metallic, and shimmer",221,200,161
MORPHE,THE JAMES CHARLES PALETTE,Tune˜/ matte light peach,"matte, metallic, and shimmer",254,201,109
MORPHE,THE JAMES CHARLES PALETTE,Code James˜/ matte sunset orange,"matte, metallic, and shimmer",231,104,58
MORPHE,THE JAMES CHARLES PALETTE,10% Off˜/ matte burnt orange,"matte, metallic, and shimmer",149,75,54
MORPHE,THE JAMES CHARLES PALETTE,No Beans˜/ matte warm brown,"matte, metallic, and shimmer",106,68,61
MORPHE,THE JAMES CHARLES PALETTE,Spooky˜/ matte true black,"matte, metallic, and shimmer",37,36,43
MORPHE,THE JAMES CHARLES PALETTE,Bee˜/ matte bright yellow,"matte, metallic, and shimmer",254,228,37
MORPHE,THE JAMES CHARLES PALETTE,Guac˜/ metallic avocado green,"matte, metallic, and shimmer",118,127,87
MORPHE,THE JAMES CHARLES PALETTE,Hello˜/ shimmer blue ice,"matte, metallic, and shimmer",124,196,197
MORPHE,THE JAMES CHARLES PALETTE,Playground˜/ matte neon blue,"matte, metallic, and shimmer",1,131,199
MORPHE,THE JAMES CHARLES PALETTE,Brother˜/ matte true blue,"matte, metallic, and shimmer",98,101,209
MORPHE,THE JAMES CHARLES PALETTE,Artistry˜/ metallic amethyst purple,"matte, metallic, and shimmer",95,42,116
MORPHE,THE JAMES CHARLES PALETTE,Love That˜/ matte magenta,"matte, metallic, and shimmer",148,45,73
MORPHE,THE JAMES CHARLES PALETTE,Pinkity Drinkity˜/ matte baby pink,"matte, metallic, and shimmer",253,173,163
MORPHE,THE JAMES CHARLES PALETTE,Social Blade˜/ matte lime green,"matte, metallic, and shimmer",109,169,51
MORPHE,THE JAMES CHARLES PALETTE,Daddy˜/ matte forest green,"matte, metallic, and shimmer",57,99,67
MORPHE,THE JAMES CHARLES PALETTE,Cape Cod˜/ metallic sea foam blue,"matte, metallic, and shimmer",87,115,122
MORPHE,THE JAMES CHARLES PALETTE,Cola˜/ matte royal blue,"matte, metallic, and shimmer",66,67,128
MORPHE,THE JAMES CHARLES PALETTE,A Cappella˜/ metallic navy blue,"matte, metallic, and shimmer",50,77,144
MORPHE,THE JAMES CHARLES PALETTE,Escape˜/ matte plum purple,"matte, metallic, and shimmer",76,41,89
MORPHE,THE JAMES CHARLES PALETTE,Single˜/ matte orchid purple,"matte, metallic, and shimmer",140,64,128
MORPHE,THE JAMES CHARLES PALETTE,Skip˜/ matte neon pink,"matte, metallic, and shimmer",253,12,196
MORPHE,351 ICY FANTASY ARTISTRY PALETTE,White Out/ matte bright white,"matte, shimmering, iridescent, and silk slip toppers",233,233,233
MORPHE,352 ICY FANTASY ARTISTRY PALETTE,Snow Glow/ shimmering pale gold,"matte, shimmering, iridescent, and silk slip toppers",185,156,104
MORPHE,353 ICY FANTASY ARTISTRY PALETTE,Wishful/ matte lemon yellow,"matte, shimmering, iridescent, and silk slip toppers",207,184,114
MORPHE,354 ICY FANTASY ARTISTRY PALETTE,Flash Freeze/ iridescent icy green,"matte, shimmering, iridescent, and silk slip toppers",196,197,186
MORPHE,355 ICY FANTASY ARTISTRY PALETTE,Secret Escape/ matte blushing pink,"matte, shimmering, iridescent, and silk slip toppers",211,165,165
MORPHE,356 ICY FANTASY ARTISTRY PALETTE,So Surreal/ iridescent icy pink,"matte, shimmering, iridescent, and silk slip toppers",225,192,200
MORPHE,357 ICY FANTASY ARTISTRY PALETTE,Spellbinding˜/shimmering purple lilac,"matte, shimmering, iridescent, and silk slip toppers",169,117,163
MORPHE,358 ICY FANTASY ARTISTRY PALETTE,Brrr-illiant/ ice white silk slip topper,"matte, shimmering, iridescent, and silk slip toppers",209,201,186
MORPHE,359 ICY FANTASY ARTISTRY PALETTE,Euphoria/ celestial blue silk slip topper,"matte, shimmering, iridescent, and silk slip toppers",208,209,211
MORPHE,360 ICY FANTASY ARTISTRY PALETTE,Echo/ matte avocado green,"matte, shimmering, iridescent, and silk slip toppers",187,198,104
MORPHE,361 ICY FANTASY ARTISTRY PALETTE,Thaw Yeah/ shimmering mint green,"matte, shimmering, iridescent, and silk slip toppers",150,196,186
MORPHE,362 ICY FANTASY ARTISTRY PALETTE,Chill Thrill/ matte mint blue,"matte, shimmering, iridescent, and silk slip toppers",140,196,185
MORPHE,363 ICY FANTASY ARTISTRY PALETTE,Into the Blue/ matte sky blue,"matte, shimmering, iridescent, and silk slip toppers",124,160,223
MORPHE,364 ICY FANTASY ARTISTRY PALETTE,Dreamer/ matte vivid lavender,"matte, shimmering, iridescent, and silk slip toppers",155,123,198
MORPHE,365 ICY FANTASY ARTISTRY PALETTE,Get Fresh/ matte apricot cream with sparkle,"matte, shimmering, iridescent, and silk slip toppers",238,192,158
MORPHE,366 ICY FANTASY ARTISTRY PALETTE,Coral Cloud/ matte coral,"matte, shimmering, iridescent, and silk slip toppers",248,138,101
MORPHE,367 ICY FANTASY ARTISTRY PALETTE,Soar/ shimmering pink coral,"matte, shimmering, iridescent, and silk slip toppers",212,100,94
MORPHE,368 ICY FANTASY ARTISTRY PALETTE,Dazed/ shimmering green apple,"matte, shimmering, iridescent, and silk slip toppers",130,180,131
MORPHE,369 ICY FANTASY ARTISTRY PALETTE,Cold Snap/ shimmering steel blue,"matte, shimmering, iridescent, and silk slip toppers",132,159,178
MORPHE,370 ICY FANTASY ARTISTRY PALETTE,Below Zero/ matte stone gray,"matte, shimmering, iridescent, and silk slip toppers",162,154,152
MORPHE,371 ICY FANTASY ARTISTRY PALETTE,Deliver Shiver/ matte dusty violet,"matte, shimmering, iridescent, and silk slip toppers",125,95,147
MORPHE,372 ICY FANTASY ARTISTRY PALETTE,Imagine/ shimmering blush,"matte, shimmering, iridescent, and silk slip toppers",221,158,158
MORPHE,373 ICY FANTASY ARTISTRY PALETTE,Rosy Haze/ rose pink silk slip topper,"matte, shimmering, iridescent, and silk slip toppers",119,65,93
MORPHE,374 ICY FANTASY ARTISTRY PALETTE,Sky High/ matte bubblegum pink,"matte, shimmering, iridescent, and silk slip toppers",216,97,125
MORPHE,375 ICY FANTASY ARTISTRY PALETTE,Mystical/ holographic green silk slip topper,"matte, shimmering, iridescent, and silk slip toppers",152,164,122
MORPHE,376 ICY FANTASY ARTISTRY PALETTE,Starlit/ smoky gold silk slip topper,"matte, shimmering, iridescent, and silk slip toppers",157,167,158
MORPHE,377 ICY FANTASY ARTISTRY PALETTE,Arctic Abyss/ matte storm gray,"matte, shimmering, iridescent, and silk slip toppers",76,64,78
MORPHE,378 ICY FANTASY ARTISTRY PALETTE,Holothermia/ shimmering electric purple,"matte, shimmering, iridescent, and silk slip toppers",114,69,123
MORPHE,379 ICY FANTASY ARTISTRY PALETTE,Hush/ matte taupe,"matte, shimmering, iridescent, and silk slip toppers",134,100,90
MORPHE,380 ICY FANTASY ARTISTRY PALETTE,Fierce Flurry/ shimmering champagne,"matte, shimmering, iridescent, and silk slip toppers",183,151,144
MORPHE,381 ICY FANTASY ARTISTRY PALETTE,Avalanche/ shimmering dusty mauve,"matte, shimmering, iridescent, and silk slip toppers",111,60,70
MORPHE,382 ICY FANTASY ARTISTRY PALETTE,Cosmic Cool/ shimmering silvered purple,"matte, shimmering, iridescent, and silk slip toppers",113,103,129
MORPHE,383 ICY FANTASY ARTISTRY PALETTE,Frostbright/ silver glitter,"matte, shimmering, iridescent, and silk slip toppers",135,134,140
MORPHE,384 ICY FANTASY ARTISTRY PALETTE,Black Ice/ shimmering blue gunmetal,"matte, shimmering, iridescent, and silk slip toppers",64,68,69
MORPHE,385 ICY FANTASY ARTISTRY PALETTE,Charmed/ shimmering dark chocolate,"matte, shimmering, iridescent, and silk slip toppers",77,52,59
MORPHE,JACLYNE HILL EYESHADOW PALETTE ,Enlight˜/ satin oat milk,MATTE AND SHIMMER,237,202,176
MORPHE,JACLYNE HILL EYESHADOW PALETTE ,Beam˜/ satin freshwater pearl,MATTE AND SHIMMER,235,191,166
MORPHE,JACLYNE HILL EYESHADOW PALETTE ,Silk Cr?me˜/ matte coconut sugar,MATTE AND SHIMMER,203,128,96
MORPHE,JACLYNE HILL EYESHADOW PALETTE ,M.F.E.O.˜/ matte ripe papaya,MATTE AND SHIMMER,204,133,107
MORPHE,JACLYNE HILL EYESHADOW PALETTE ,Faint˜/ shimmering pink lemonade,MATTE AND SHIMMER,230,187,184
MORPHE,JACLYNE HILL EYESHADOW PALETTE ,Sissy˜/ shimmering rosy blush,MATTE AND SHIMMER,193,124,124
MORPHE,JACLYNE HILL EYESHADOW PALETTE ,Little Lady˜/ shimmering peach sorbet,MATTE AND SHIMMER,212,153,142
MORPHE,JACLYNE HILL EYESHADOW PALETTE ,Creamsicle˜/ matte passionfruit,MATTE AND SHIMMER,231,151,69
MORPHE,JACLYNE HILL EYESHADOW PALETTE ,Butter˜/ matte apricot jam,MATTE AND SHIMMER,209,114,71
MORPHE,JACLYNE HILL EYESHADOW PALETTE ,Pooter˜/ matte cinnamon stick,MATTE AND SHIMMER,183,111,78
MORPHE,JACLYNE HILL EYESHADOW PALETTE ,Pukey˜/ matte masala chai,MATTE AND SHIMMER,188,119,62
MORPHE,JACLYNE HILL EYESHADOW PALETTE ,Hunts˜/ matte paprika,MATTE AND SHIMMER,181,72,54
MORPHE,JACLYNE HILL EYESHADOW PALETTE ,Firework˜/ shimmering burnished copper,MATTE AND SHIMMER,165,86,68
MORPHE,JACLYNE HILL EYESHADOW PALETTE ,Queen˜/ shimmering butterscotch,MATTE AND SHIMMER,177,118,84
MORPHE,JACLYNE HILL EYESHADOW PALETTE ,Obsessed˜/ shimmering pink champagne,MATTE AND SHIMMER,197,146,136
MORPHE,JACLYNE HILL EYESHADOW PALETTE ,S.B.N.˜/ shimmering copper rose,MATTE AND SHIMMER,170,107,97
MORPHE,JACLYNE HILL EYESHADOW PALETTE ,Hillster˜/ satin walnut,MATTE AND SHIMMER,141,64,57
MORPHE,JACLYNE HILL EYESHADOW PALETTE ,Roxanne˜/ matte roasted nutmeg,MATTE AND SHIMMER,162,68,57
MORPHE,JACLYNE HILL EYESHADOW PALETTE ,Jacz˜/ matte zinfandel,MATTE AND SHIMMER,147,56,57
MORPHE,JACLYNE HILL EYESHADOW PALETTE ,Buns˜/ matte honey roasted peanut,MATTE AND SHIMMER,185,104,83
MORPHE,JACLYNE HILL EYESHADOW PALETTE ,Cranapple˜/ shimmering blood orange mimosa,MATTE AND SHIMMER,178,79,85
MORPHE,JACLYNE HILL EYESHADOW PALETTE ,Royalty˜/ shimmering grape,MATTE AND SHIMMER,96,60,106
MORPHE,JACLYNE HILL EYESHADOW PALETTE ,Twerk˜/ shimmering electric indigo,MATTE AND SHIMMER,88,68,130
MORPHE,JACLYNE HILL EYESHADOW PALETTE ,Hustle˜/ shimmering taupey beige,MATTE AND SHIMMER,155,121,109
MORPHE,JACLYNE HILL EYESHADOW PALETTE ,Meeks˜/ shimmering bronze,MATTE AND SHIMMER,163,111,98
MORPHE,JACLYNE HILL EYESHADOW PALETTE ,24/7˜/ shimmering pecan pie,MATTE AND SHIMMER,98,61,48
MORPHE,JACLYNE HILL EYESHADOW PALETTE ,Chip˜/ matte chocolate chip,MATTE AND SHIMMER,110,64,58
MORPHE,JACLYNE HILL EYESHADOW PALETTE ,Mocha˜/ matte baking chocolate,MATTE AND SHIMMER,154,92,70
MORPHE,JACLYNE HILL EYESHADOW PALETTE ,Pool Party˜/ shimmering turquoise,MATTE AND SHIMMER,54,153,169
MORPHE,JACLYNE HILL EYESHADOW PALETTE ,Jada˜/ matte teal,MATTE AND SHIMMER,1,134,128
MORPHE,JACLYNE HILL EYESHADOW PALETTE ,Diva˜/ shimmering emerald,MATTE AND SHIMMER,101,103,93
MORPHE,JACLYNE HILL EYESHADOW PALETTE ,Enchanted˜/ matte forest green,MATTE AND SHIMMER,35,52,46
MORPHE,JACLYNE HILL EYESHADOW PALETTE ,Central Park˜/ matte cocoa bean,MATTE AND SHIMMER,106,64,50
MORPHE,JACLYNE HILL EYESHADOW PALETTE ,Soda Pop˜/ matte espresso,MATTE AND SHIMMER,74,50,55
MORPHE,JACLYNE HILL EYESHADOW PALETTE ,Abyss˜/ matte obsidian,MATTE AND SHIMMER,41,38,44
MORPHE,CUTIE PALETTE ?WILD BERRY,Incense˜/ medium apricot beige,"metal foil, super matte, and latex matte",199,136,125
MORPHE,CUTIE PALETTE ?WILD BERRY,Venom˜/ intense berry matte,"metal foil, super matte, and latex matte",122,39,101
MORPHE,CUTIE PALETTE ?WILD BERRY,Bucolic Baby˜/ medium peach with strawberry reflects,"metal foil, super matte, and latex matte",209,136,157
MORPHE,CUTIE PALETTE ?WILD BERRY,Alchemy 2.0˜/ flamingo and teal duo-chrome,"metal foil, super matte, and latex matte",181,164,169
MORPHE,CUTIE PALETTE ?WILD BERRY,Blackberry˜/ intense blackberry matte,"metal foil, super matte, and latex matte",61,31,43
MORPHE,CUTIE PALETTE ?WILD BERRY,Botanic Juice˜/ super matte raspberry,"metal foil, super matte, and latex matte",139,60,84
MORPHE,THE JEFREESTAR ARTISTRY PALETTE,Welcome˜/ shimmering crystal,MATTE AND SHIMMER,209,190,191
MORPHE,THE JEFREESTAR ARTISTRY PALETTE,Back˜/ matte blush,MATTE AND SHIMMER,236,155,175
MORPHE,THE JEFREESTAR ARTISTRY PALETTE,To˜/ shimmering pink pearl,MATTE AND SHIMMER,239,182,190
MORPHE,THE JEFREESTAR ARTISTRY PALETTE,My˜/ matte cotton candy,MATTE AND SHIMMER,250,164,184
MORPHE,THE JEFREESTAR ARTISTRY PALETTE,Channel˜/ matte poppy,MATTE AND SHIMMER,238,115,104
MORPHE,THE JEFREESTAR ARTISTRY PALETTE,Wand Noise˜/ blood orange sheen,MATTE AND SHIMMER,185,40,50
MORPHE,THE JEFREESTAR ARTISTRY PALETTE,Lynn˜/ matte cream,MATTE AND SHIMMER,242,191,184
MORPHE,THE JEFREESTAR ARTISTRY PALETTE,1985˜/ matte melon,MATTE AND SHIMMER,246,164,153
MORPHE,THE JEFREESTAR ARTISTRY PALETTE,Mogul˜/ matte deep magenta,MATTE AND SHIMMER,165,45,122
MORPHE,THE JEFREESTAR ARTISTRY PALETTE,Self-Made˜/ matte hot pink,MATTE AND SHIMMER,235,47,135
MORPHE,THE JEFREESTAR ARTISTRY PALETTE,Dog Mom˜/ shimmering pinky peach,MATTE AND SHIMMER,221,124,116
MORPHE,THE JEFREESTAR ARTISTRY PALETTE,Honest Truth˜/ matte coral˜ ˜˜,MATTE AND SHIMMER,254,130,135
MORPHE,THE JEFREESTAR ARTISTRY PALETTE,Designer Label˜/ shimmering champagne,MATTE AND SHIMMER,230,186,171
MORPHE,THE JEFREESTAR ARTISTRY PALETTE,Mr. Diva˜/ matte tangerine,MATTE AND SHIMMER,221,131,100
MORPHE,THE JEFREESTAR ARTISTRY PALETTE,Boss Angeles˜/ matte cayenne,MATTE AND SHIMMER,187,70,62
MORPHE,THE JEFREESTAR ARTISTRY PALETTE,Pink Fleet˜/ matte fuchsia,MATTE AND SHIMMER,21,64,163
MORPHE,THE JEFREESTAR ARTISTRY PALETTE,Calabasas˜/ matte merlot,MATTE AND SHIMMER,166,49,84
MORPHE,THE JEFREESTAR ARTISTRY PALETTE,Don?t Know Her˜/ shimmering bubblegum pink,MATTE AND SHIMMER,207,72,134
MORPHE,THE JEFREESTAR ARTISTRY PALETTE,Rolls With It˜/ shimmering cool gold,MATTE AND SHIMMER,173,151,137
MORPHE,THE JEFREESTAR ARTISTRY PALETTE,Millions˜/ golden glitter,MATTE AND SHIMMER,151,131,106
MORPHE,THE JEFREESTAR ARTISTRY PALETTE,Girrrl˜/ shimmering copper,MATTE AND SHIMMER,169,99,72
MORPHE,THE JEFREESTAR ARTISTRY PALETTE,What?s the Tea?˜/ matte ochre,MATTE AND SHIMMER,184,144,65
MORPHE,THE JEFREESTAR ARTISTRY PALETTE,Vroom Vroom˜/ matte slate gray,MATTE AND SHIMMER,112,90,97
MORPHE,THE JEFREESTAR ARTISTRY PALETTE,Custom Rims˜/ shimmering polished silver,MATTE AND SHIMMER,175,163,168
MORPHE,THE JEFREESTAR ARTISTRY PALETTE,Glam Rapids˜/ shimmering golden mint,MATTE AND SHIMMER,166,150,118
MORPHE,THE JEFREESTAR ARTISTRY PALETTE,Wake & Bake˜/ matte avocado green,MATTE AND SHIMMER,182,158,70
MORPHE,THE JEFREESTAR ARTISTRY PALETTE,Nate˜/ matte bright green,MATTE AND SHIMMER,78,149,91
MORPHE,THE JEFREESTAR ARTISTRY PALETTE,Drive-Thru˜/ shimmering antique gold,MATTE AND SHIMMER,116,95,58
MORPHE,THE JEFREESTAR ARTISTRY PALETTE,Hi Dude!˜/ matte dark chocolate,MATTE AND SHIMMER,119,61,58
MORPHE,THE JEFREESTAR ARTISTRY PALETTE,Fast Lane˜/ matte ink black,MATTE AND SHIMMER,41,41,41
MORPHE,35F FALL INTO FROST ARTISTRY PALETTE,Visible˜/ white shimmer,MATTE AND SHIMMER,232,208,176
MORPHE,35F FALL INTO FROST ARTISTRY PALETTE,Champagne˜/ peachy pink shimmer,MATTE AND SHIMMER,213,168,139
MORPHE,35F FALL INTO FROST ARTISTRY PALETTE,Sahara˜/ shimmering apricot,MATTE AND SHIMMER,212,162,117
MORPHE,35F FALL INTO FROST ARTISTRY PALETTE,Starlight˜/ champagne shimmer,MATTE AND SHIMMER,214,169,127
MORPHE,35F FALL INTO FROST ARTISTRY PALETTE,Chiffon˜/ shimmering sand,MATTE AND SHIMMER,187,142,98
MORPHE,35F FALL INTO FROST ARTISTRY PALETTE,Honeycomb˜/ ginger shimmer,MATTE AND SHIMMER,180,133,84
MORPHE,35F FALL INTO FROST ARTISTRY PALETTE,Sun-Kissed˜/ shimmering copper,MATTE AND SHIMMER,183,110,68
MORPHE,35F FALL INTO FROST ARTISTRY PALETTE,Sepia˜/ shimmering mocha,MATTE AND SHIMMER,130,77,53
MORPHE,35F FALL INTO FROST ARTISTRY PALETTE,Vienna˜/ shimmering antique bronze,MATTE AND SHIMMER,110,84,59
MORPHE,35F FALL INTO FROST ARTISTRY PALETTE,Cabana˜/ shimmering bronze,MATTE AND SHIMMER,189,130,77
MORPHE,35F FALL INTO FROST ARTISTRY PALETTE,Onyx˜/ shimmering pewter,MATTE AND SHIMMER,141,123,108
MORPHE,35F FALL INTO FROST ARTISTRY PALETTE,Vintage˜/ tawny rose shimmer,MATTE AND SHIMMER,134,82,71
MORPHE,35F FALL INTO FROST ARTISTRY PALETTE,Gem˜/ shimmering cocoa,MATTE AND SHIMMER,126,87,71
MORPHE,35F FALL INTO FROST ARTISTRY PALETTE,24K Gold˜/ shimmering burnished gold,MATTE AND SHIMMER,143,91,65
MORPHE,35F FALL INTO FROST ARTISTRY PALETTE,Reduce˜/ shimmering rusty rose,MATTE AND SHIMMER,193,111,89
MORPHE,35F FALL INTO FROST ARTISTRY PALETTE,Magician˜/ shimmering raspberry,MATTE AND SHIMMER,168,95,100
MORPHE,35F FALL INTO FROST ARTISTRY PALETTE,Sworn˜/ shimmering caf? au lait,MATTE AND SHIMMER,152,109,85
MORPHE,35F FALL INTO FROST ARTISTRY PALETTE,Hidden Treasure˜/ shimmering olive,MATTE AND SHIMMER,150,124,97
MORPHE,35F FALL INTO FROST ARTISTRY PALETTE,Phantom˜/ shimmering smoky plum,MATTE AND SHIMMER,109,77,79
MORPHE,35F FALL INTO FROST ARTISTRY PALETTE,Cabernet˜/ rich mauve shimmer,MATTE AND SHIMMER,111,62,67
MORPHE,35F FALL INTO FROST ARTISTRY PALETTE,Aerial˜/ shimmering rose,MATTE AND SHIMMER,165,98,87
MORPHE,35F FALL INTO FROST ARTISTRY PALETTE,Intuition˜/ plum shimmer,MATTE AND SHIMMER,84,51,59
MORPHE,35F FALL INTO FROST ARTISTRY PALETTE,Cairo˜/ hot gold shimmer,MATTE AND SHIMMER,203,147,67
MORPHE,35F FALL INTO FROST ARTISTRY PALETTE,Sight˜/ shimmering brass,MATTE AND SHIMMER,166,119,69
MORPHE,35F FALL INTO FROST ARTISTRY PALETTE,Belladonna˜/ shimmering amethyst,MATTE AND SHIMMER,168,104,111
MORPHE,35F FALL INTO FROST ARTISTRY PALETTE,Memento˜/ brown sugar shimmer,MATTE AND SHIMMER,161,117,81
MORPHE,35F FALL INTO FROST ARTISTRY PALETTE,Graphite˜/ bronzed smoke shimmer,MATTE AND SHIMMER,65,47,44
MORPHE,35F FALL INTO FROST ARTISTRY PALETTE,Travel˜/ shimmering maple syrup,MATTE AND SHIMMER,106,73,58
MORPHE,35F FALL INTO FROST ARTISTRY PALETTE,Bliss˜/ matte apricot,MATTE AND SHIMMER,251,188,129
MORPHE,35F FALL INTO FROST ARTISTRY PALETTE,Illusion˜/ matte sepia,MATTE AND SHIMMER,199,130,98
MORPHE,35F FALL INTO FROST ARTISTRY PALETTE,Sand˜/ matte cappuccino,MATTE AND SHIMMER,217,140,86
MORPHE,35F FALL INTO FROST ARTISTRY PALETTE,Terrene˜/ matte toffee,MATTE AND SHIMMER,143,101,67
MORPHE,35F FALL INTO FROST ARTISTRY PALETTE,Hazel˜/ matte milk chocolate,MATTE AND SHIMMER,165,109,76
MORPHE,35F FALL INTO FROST ARTISTRY PALETTE,Fortune˜/ matte red clay,MATTE AND SHIMMER,146,80,64
MORPHE,35F FALL INTO FROST ARTISTRY PALETTE,Obsidian˜/ matte charcoal black,MATTE AND SHIMMER,46,44,40
MORPHE,35V STUNNING VIBES ARTISTRY PALETTE,Knockout˜/ metallic silvery white,"˜duo chrome, shimmer, and matte",226,223,210
MORPHE,35V STUNNING VIBES ARTISTRY PALETTE,Swipe Right˜/ metallic champagne,"˜duo chrome, shimmer, and matte",219,188,173
MORPHE,35V STUNNING VIBES ARTISTRY PALETTE,Three Little Words˜/ gold-pink duo chrome,"˜duo chrome, shimmer, and matte",218,160,160
MORPHE,35V STUNNING VIBES ARTISTRY PALETTE,Risqu?˜/ matte mauve,"˜duo chrome, shimmer, and matte",194,132,119
MORPHE,35V STUNNING VIBES ARTISTRY PALETTE,Seduced˜/ matte mulberry,"˜duo chrome, shimmer, and matte",131,75,97
MORPHE,35V STUNNING VIBES ARTISTRY PALETTE,Room for Two˜/ shimmering sapphire,"˜duo chrome, shimmer, and matte",59,65,122
MORPHE,35V STUNNING VIBES ARTISTRY PALETTE,Devoted˜/ matte jade,"˜duo chrome, shimmer, and matte",66,88,92
MORPHE,35V STUNNING VIBES ARTISTRY PALETTE,First Date˜/ cream shimmer,"˜duo chrome, shimmer, and matte",228,190,150
MORPHE,35V STUNNING VIBES ARTISTRY PALETTE,Go Nude˜/ matte cream,"˜duo chrome, shimmer, and matte",230,177,138
MORPHE,35V STUNNING VIBES ARTISTRY PALETTE,Lust˜/ metallic icy violet,"˜duo chrome, shimmer, and matte",184,140,129
MORPHE,35V STUNNING VIBES ARTISTRY PALETTE,Heartbreaker˜/ fruit punch duo chrome,"˜duo chrome, shimmer, and matte",211,130,132
MORPHE,35V STUNNING VIBES ARTISTRY PALETTE,Tell Me More˜/ cranberry shimmer,"˜duo chrome, shimmer, and matte",174,99,113
MORPHE,35V STUNNING VIBES ARTISTRY PALETTE,Hit It Off˜/ matte ultramarine,"˜duo chrome, shimmer, and matte",65,71,148
MORPHE,35V STUNNING VIBES ARTISTRY PALETTE,Ride-or-Die˜/ peacock duo chrome,"˜duo chrome, shimmer, and matte",119,126,129
MORPHE,35V STUNNING VIBES ARTISTRY PALETTE,Shameless˜/ metallic buttercream,"˜duo chrome, shimmer, and matte",210,177,156
MORPHE,35V STUNNING VIBES ARTISTRY PALETTE,Scandal˜/ matte sandy brown,"˜duo chrome, shimmer, and matte",230,178,139
MORPHE,35V STUNNING VIBES ARTISTRY PALETTE,Vixen˜/ matte nutmeg,"˜duo chrome, shimmer, and matte",167,103,68
MORPHE,35V STUNNING VIBES ARTISTRY PALETTE,Turned On˜/ matte red clay,"˜duo chrome, shimmer, and matte",188,96,77
MORPHE,35V STUNNING VIBES ARTISTRY PALETTE,Tryst˜/ matte deep fuchsia,"˜duo chrome, shimmer, and matte",149,57,91
MORPHE,35V STUNNING VIBES ARTISTRY PALETTE,Rendezvous˜/ shimmering royal blue,"˜duo chrome, shimmer, and matte",35,62,147
MORPHE,35V STUNNING VIBES ARTISTRY PALETTE,Stud˜/ midnight blue duo chrome,"˜duo chrome, shimmer, and matte",45,62,90
MORPHE,35V STUNNING VIBES ARTISTRY PALETTE,French Kiss˜/ metallic rosy bronze,"˜duo chrome, shimmer, and matte",178,141,112
MORPHE,35V STUNNING VIBES ARTISTRY PALETTE,Swoon˜/ metallic fiery copper,"˜duo chrome, shimmer, and matte",163,100,71
MORPHE,35V STUNNING VIBES ARTISTRY PALETTE,In the Zone˜/ matte mocha,"˜duo chrome, shimmer, and matte",123,66,53
MORPHE,35V STUNNING VIBES ARTISTRY PALETTE,Wild Thing˜/ matte raspberry,"˜duo chrome, shimmer, and matte",151,59,77
MORPHE,35V STUNNING VIBES ARTISTRY PALETTE,Addicted˜ / matte eggplant,"˜duo chrome, shimmer, and matte",95,56,58
MORPHE,35V STUNNING VIBES ARTISTRY PALETTE,Fling˜/ matte denim blue,"˜duo chrome, shimmer, and matte",64,64,105
MORPHE,35V STUNNING VIBES ARTISTRY PALETTE,Tantalizing˜/ shimmering smoke,"˜duo chrome, shimmer, and matte",78,64,67
MORPHE,35V STUNNING VIBES ARTISTRY PALETTE,Polished˜/ metallic rose copper,"˜duo chrome, shimmer, and matte",165,96,83
MORPHE,35V STUNNING VIBES ARTISTRY PALETTE,Private Party˜/ metallic brass,"˜duo chrome, shimmer, and matte",144,104,83
MORPHE,35V STUNNING VIBES ARTISTRY PALETTE,Spice˜/ matte ginger,"˜duo chrome, shimmer, and matte",165,88,41
MORPHE,35V STUNNING VIBES ARTISTRY PALETTE,Heat˜/ matte red poppy,"˜duo chrome, shimmer, and matte",215,69,52
MORPHE,35V STUNNING VIBES ARTISTRY PALETTE,Bad Boy˜/ matte plum,"˜duo chrome, shimmer, and matte",66,49,84
MORPHE,35V STUNNING VIBES ARTISTRY PALETTE,Crush˜/ shimmering violet,"˜duo chrome, shimmer, and matte",100,64,163
MORPHE,35V STUNNING VIBES ARTISTRY PALETTE,Little Black Book˜/ matte black,"˜duo chrome, shimmer, and matte",44,44,44
MORPHE,35M BOSS MOOD ARTISTRY PALETTE,Light of the Party˜/˜frosted cream shimmer,metallic and matte,237,204,170
MORPHE,35M BOSS MOOD ARTISTRY PALETTE,Popstar˜/˜metallic gilded gold,metallic and matte,219,184,101
MORPHE,35M BOSS MOOD ARTISTRY PALETTE,Stroke of Luck˜/˜matte wasabi green,metallic and matte,192,207,33
MORPHE,35M BOSS MOOD ARTISTRY PALETTE,Express Yo?self˜/˜matte moss,metallic and matte,140,143,28
MORPHE,35M BOSS MOOD ARTISTRY PALETTE,Nude Tude˜/˜matte olive,metallic and matte,123,103,28
MORPHE,35M BOSS MOOD ARTISTRY PALETTE,Green with Envy˜/˜matte midnight green,metallic and matte,86,76,57
MORPHE,35M BOSS MOOD ARTISTRY PALETTE,Sheen Stealer˜/˜metallic burnt olive,metallic and matte,117,97,70
MORPHE,35M BOSS MOOD ARTISTRY PALETTE,Stand Out˜/˜metallic bronze green,metallic and matte,119,111,71
MORPHE,35M BOSS MOOD ARTISTRY PALETTE,Bold Moves˜/˜metallic golden pear,metallic and matte,138,151,56
MORPHE,35M BOSS MOOD ARTISTRY PALETTE,Electric Energy˜/˜metallic golden sage,metallic and matte,168,145,78
MORPHE,35M BOSS MOOD ARTISTRY PALETTE,Hello Sunshine˜/˜matte mustard green,metallic and matte,197,166,6
MORPHE,35M BOSS MOOD ARTISTRY PALETTE,Play it Cool˜/˜matte caramel,metallic and matte,191,121,62
MORPHE,35M BOSS MOOD ARTISTRY PALETTE,Hawt Stuff˜/˜metallic copper,metallic and matte,175,120,83
MORPHE,35M BOSS MOOD ARTISTRY PALETTE,Peachy Keen˜/˜matte toffee,metallic and matte,173,104,57
MORPHE,35M BOSS MOOD ARTISTRY PALETTE,Fired Up˜/˜matte apricot,metallic and matte,231,95,41
MORPHE,35M BOSS MOOD ARTISTRY PALETTE,Bright Eyes˜/˜metallic amber,metallic and matte,213,134,88
MORPHE,35M BOSS MOOD ARTISTRY PALETTE,Bossy AF˜/˜metallic garnet,metallic and matte,196,119,118
MORPHE,35M BOSS MOOD ARTISTRY PALETTE,FOTD˜/˜matte red currant,metallic and matte,117,50,57
MORPHE,35M BOSS MOOD ARTISTRY PALETTE,Talk Dirty˜/˜matte chocolate truffle,metallic and matte,112,72,38
MORPHE,35M BOSS MOOD ARTISTRY PALETTE,Hot to Trot˜/˜metallic plum bronze,metallic and matte,123,91,77
MORPHE,35M BOSS MOOD ARTISTRY PALETTE,Sparks Fly˜/˜matte walnut,metallic and matte,108,77,58
MORPHE,35M BOSS MOOD ARTISTRY PALETTE,Confidence˜/˜metallic deep coral,metallic and matte,235,127,124
MORPHE,35M BOSS MOOD ARTISTRY PALETTE,Red Carpet˜/˜matte raspberry,metallic and matte,174,57,56
MORPHE,35M BOSS MOOD ARTISTRY PALETTE,Power Slayer˜/˜matte dusty plum,metallic and matte,99,54,78
MORPHE,35M BOSS MOOD ARTISTRY PALETTE,Daredevil˜/˜metallic violet,metallic and matte,131,97,140
MORPHE,35M BOSS MOOD ARTISTRY PALETTE,Vampy Vixen˜/˜matte brick red,metallic and matte,145,67,57
MORPHE,35M BOSS MOOD ARTISTRY PALETTE,Sweet Beets˜/˜matte cranberry,metallic and matte,161,52,77
MORPHE,35M BOSS MOOD ARTISTRY PALETTE,Color Persona˜/˜metallic cranberry,metallic and matte,198,72,82
MORPHE,35M BOSS MOOD ARTISTRY PALETTE,Transformer˜/˜matte navy blue,metallic and matte,65,52,71
MORPHE,35M BOSS MOOD ARTISTRY PALETTE,Center of Attention˜/˜metallic midnight blue,metallic and matte,62,68,80
MORPHE,35M BOSS MOOD ARTISTRY PALETTE,Indi-glow Kween˜/˜metallic plum,metallic and matte,151,105,128
MORPHE,35M BOSS MOOD ARTISTRY PALETTE,Grape Expectations˜/˜metallic electric purple,metallic and matte,153,65,140
MORPHE,35M BOSS MOOD ARTISTRY PALETTE,Candy Crush˜/˜matte pomegranate,metallic and matte,182,57,68
MORPHE,35M BOSS MOOD ARTISTRY PALETTE,Sultry Ways˜/˜metallic smoky eggplant,metallic and matte,51,40,45
MORPHE,35M BOSS MOOD ARTISTRY PALETTE,Black Magic˜/˜matte black,metallic and matte,40,40,40
m.a.c,none,omega ,,204,173,154
m.a.c,none,beauty marked ,,112,64,93
m.a.c,none,carbon,,49,41,48
m.a.c,none,if it aint baroque,,216,142,67
m.a.c,none,samoa silk,,254,180,141
m.a.c,none,shell peach,,254,165,149
m.a.c,none,rose before bros,,188,116,120
m.a.c,none,marsh,,191,156,109
m.a.c,none,in living pink,,238,146,143
m.a.c,none,royal rendezvous,,217,155,144
m.a.c,none,tutu good ,,241,141,111
m.a.c,none,haute sauce,,181,75,84
m.a.c,none,mint condition,,181,224,198
m.a.c,none,mo' money mo' problems ,,132,118,63
m.a.c,none,glitch in the matrix,,100,97,98
m.a.c,none,nude model ,,195,123,114
m.a.c,none,cobalt,,139,128,215
m.a.c,none,natural wilderness,,193,133,85
m.a.c,none,libra,,216,131,133
m.a.c,none,jingle balls bronze,,223,143,91
m.a.c,none,coral reef ,,255,147,132
m.a.c,none,left you on red,,204,105,136
m.a.c,none,sandstone,,179,131,108
m.a.c,none,motif!,,245,177,145
m.a.c,none,memories of space,,255,203,101
m.a.c,none,that?s showbiz baby,,107,131,110
m.a.c,none,whats the WIFI,,207,205,78
m.a.c,none,starry night,,140,123,116
m.a.c,none,finjan ,,187,127,118
m.a.c,none,shady santa,,119,59,68
m.a.c,none,storm watch,,66,102,120
m.a.c,none,cozy grey ,,219,177,164
m.a.c,none,dark room,,151,94,150
m.a.c,none,greystone,,111,101,109
m.a.c,none,trennial waves ,,29,154,231
m.a.c,none,#humble brag,,229,185,212
m.a.c,none,power to the purple,,130,83,147
m.a.c,none,uninetrupted,,201,136,101
m.a.c,none,tete-a-tint,,237,186,165
m.a.c,none,sketch,,101,60,70
m.a.c,none,print,,106,97,95
m.a.c,none,brun,,120,92,81
m.a.c,none,swiss chocolate,,173,122,119
m.a.c,none,wedge,,201,158,141
m.a.c,none,embark,,122,77,74
m.a.c,none,cork,,180,138,116
m.a.c,none,texture,,118,113,105
m.a.c,none,club,,130,120,110
m.a.c,none,satin taupe,,170,131,134
m.a.c,none,brown down,,127,88,76
m.a.c,none,espresso ,,144,106,85
m.a.c,none,saddie ,,175,121,90
m.a.c,none,soft brown,,195,144,123
m.a.c,none,soba,,206,162,127
m.a.c,none,naked lunch,,212,173,163
m.a.c,none,era ,,205,167,150
m.a.c,none,retrospeck,,207,186,168
m.a.c,none,ricepaper,,241,205,170
m.a.c,none,dazzlelight,,235,211,190
m.a.c,none,nylon,,247,224,197
m.a.c,none,vex,,213,200,184
m.a.c,none,vanilla,,245,227,212
m.a.c,none,cherry topped,,253,159,205
m.a.c,none,pink venus,,237,162,183
m.a.c,none,fashions feild day,,250,166,163
m.a.c,none,paradisco,,252,165,150
m.a.c,none,suspiciously sweet,,250,182,151
m.a.c,none,rule,,235,135,91
m.a.c,none,red brick,,226,103,72
m.a.c,none,coquette,,145,127,111
m.a.c,none,mulch,,183,139,124
m.a.c,none,sable,,221,176,163
m.a.c,none,texture,,202,144,117
m.a.c,none,uninterupted,,199,134,99
m.a.c,none,twinks,,150,101,96
m.a.c,none,saddle ,,170,118,114
m.a.c,none,wedge,,195,152,135
m.a.c,none,woodwinked ,,70,86,97
m.a.c,none,tilt,,106,124,148
m.a.c,none,print,,94,87,87
m.a.c,none,plumage,,65,79,88
m.a.c,none,atlantic blue,,75,87,195
m.a.c,none,in the shadows,,88,123,219
m.a.c,none,new crops,,129,220,187
m.a.c,none,steamy,,140,201,183
m.a.c,none,humid,,144,155,107
m.a.c,none,chrome yellow,,254,209,50
m.a.c,none,shock factor,,255,252,155
m.a.c,none,vex,,216,200,187
m.a.c,none,nylon,,247,225,200
m.a.c,none,gesso,,245,243,243
m.a.c,none,black tied,,87,89,107
m.a.c,none,blanc type,,252,229,216
m.a.c,none,stars n' rockets,,201,125,198
m.a.c,none,ruby ,,246,132,135
m.a.c,none,vanilla,,246,223,211
Loreal paris(monos eyeshadow),,Argentic(shimmer),,151,158,167
Loreal paris(monos eyeshadow),,caf? Au lait(matte),,129,101,89
Loreal paris(monos eyeshadow),,Grand bleu(shimmer),,49,67,99
Loreal paris(monos eyeshadow),,Green promenade(shimmer),,73,89,88
Loreal paris(monos eyeshadow),,little beige dress(shimmer),,216,184,169
Loreal paris(monos eyeshadow),,Mademoiselle pink(matte),,240,188,175
Loreal paris(monos eyeshadow),,meet me in paris(matte),,107,98,99
Loreal paris(monos eyeshadow),,noir cest noir(matte),,52,48,47
Loreal paris(monos eyeshadow),,pain Au chocolat(shimmer),,147,117,107
Loreal paris(monos eyeshadow),,paris beach(matte) ,,231,213,198
Loreal paris(monos eyeshadow),,petite perle(shimmer),,238,234,233
Loreal paris(monos eyeshadow),,quartz fume(shimmer),,54,44,43
Loreal paris(monos eyeshadow),,sunset seine(shimmer),,192,115,63
Loreal paris(monos eyeshadow),,teal couture(shimmer),,44,77,80
Loreal paris(monos eyeshadow),,violet beaute(shimmer),,96,65,71
Loreal paris(monos eyeshadow),,308 matte ison avenue(matte),,103,54,47
Loreal paris(monos eyeshadow),,306 acro matte(matte),,136,74,59
Loreal paris(monos eyeshadow),,304 matte it up(matte),,181,129,105
Loreal paris(monos eyeshadow),,302 mix and matte(matte),,215,174,145
Loreal paris(monos eyeshadow),,300 matte chill(matte),,245,212,167
Loreal paris(color queen oil eyeshadow),,02 force,,150,97,82
Loreal paris(color queen oil eyeshadow),,16 determination,,35,35,35
Loreal paris(color queen oil eyeshadow),,32 commander,,166,99,92
Loreal paris(color queen oil eyeshadow),,05 ruler,,177,37,75
Loreal paris(color queen oil eyeshadow),,20 queen,,218,189,185
Loreal paris(color queen oil eyeshadow),,33 extra,,204,142,108
Loreal paris(color queen oil eyeshadow),,07 on top,,204,138,108
Loreal paris(color queen oil eyeshadow),,26 stunner,,233,182,160
Loreal paris(color queen oil eyeshadow),,37 extraordinaire,,220,143,118
Loreal paris(color queen oil eyeshadow),,12 fighter,,144,76,69
Loreal paris(color queen oil eyeshadow),,30 sky high,,10,41,100
Loreal paris(color queen oil eyeshadow),,39 iconic,,151,148,158
Loreal paris(cherry my cheri eyeshadow),,virgin,,212,191,172
Loreal paris(cherry my cheri eyeshadow),,apricot ambrosia,,210,140,115
Loreal paris(cherry my cheri eyeshadow),,tantilizing,,183,138,115
Loreal paris(cherry my cheri eyeshadow),,Beige on fire,,147,97,62
Loreal paris(cherry my cheri eyeshadow),,Holy cr?me,,214,175,135
Loreal paris(cherry my cheri eyeshadow),,Omglow,,164,123,95
Loreal paris(cherry my cheri eyeshadow),,peach power,,195,101,84
Loreal paris(cherry my cheri eyeshadow),,chocolate sin,,250,205,216
Loreal paris(24 HR eye shadow),,Always pearly pink,,126,86,77
Loreal paris(24 HR eye shadow),,Amber rush ,,163,97,72
Loreal paris(24 HR eye shadow),,Bottomless java,,139,116,107
Loreal paris(24 HR eye shadow),,Bronzed taupe,,168,104,137
Loreal paris(24 HR eye shadow),,Burst into bloom,,232,199,164
Loreal paris(24 HR eye shadow),,Endless pearl,,60,123,136
Loreal paris(24 HR eye shadow),,Endless sea ,,22,15,15
Loreal paris(24 HR eye shadow),,Eternal black,,234,185,108
Loreal paris(24 HR eye shadow),,Eternal sunshine,,104,86,75
Loreal paris(24 HR eye shadow),,Gilded envy ,,210,132,147
Loreal paris(24 HR eye shadow),,Glistening garnet ,,79,88,66
Loreal paris(24 HR eye shadow),,Golden emerald ,,222,193,178
Loreal paris(24 HR eye shadow),,iced latte ,,138,132,143
Loreal paris(24 HR eye shadow),,Liquid diamond ,,52,62,115
Loreal paris(24 HR eye shadow),,Midnight blue ,,115,93,140
Loreal paris(24 HR eye shadow),,perpetual purple ,,70,60,71
Loreal paris(24 HR eye shadow),,purple priority ,,214,209,205
Loreal paris(24 HR eye shadow),,silver sky ,,76,50,79
Loreal paris(24 HR eye shadow),,smoldering plum,,95,100,111
Loreal paris(24 HR eye shadow),,sultry smoke,,54,82,93
Loreal paris(24 HR eye shadow),,timeless blue spark,,134,187,205
Loreal paris(Pocket Palette Eye Shadow),,AVANT GARDE AZURE,,214,158,171
Loreal paris(Pocket Palette Eye Shadow),,AVENUE DES ROSES,,163,123,98
Loreal paris(Pocket Palette Eye Shadow),,BLEU NUIT,,166,91,68
Loreal paris(Pocket Palette Eye Shadow),,BOUDOIR CHARME,,246,194,172
Loreal paris(Pocket Palette Eye Shadow),,FRENCH BISCUIT,,226,177,160
Loreal paris(Pocket Palette Eye Shadow),,HAUTE HAZEL,,209,204,201
Loreal paris(Pocket Palette Eye Shadow),,SILVER COUTURE,,217,161,200
Loreal paris(Pocket Palette Eye Shadow),,VIOLET AMOUR,,199,142,114
loreal paris(metalics eyeshadow),,400 ROSE CHROME,,190,156,118
loreal paris(metalics eyeshadow),,402 BRASS KNUCKLES,,114,101,93
loreal paris(metalics eyeshadow),,404 CAGED,,247,201,224
loreal paris(metalics eyeshadow),,406 VIOLET LUSTER,,156,161,158
loreal paris(metalics eyeshadow),,408 ALUMINUM FO,,227,185,169
Loreal paris(Crushed Foils Metallic Eye Shadow),,DIAMOND DUST,,167,144,112
Loreal paris(Crushed Foils Metallic Eye Shadow),,GILDED GOLD,,170,152,106
MAYBELLINE NEWYORK,LEMONADE CRAZE,EYESHADOW PALETTE,SHERBET ,252,168,129
MAYBELLINE NEWYORK,LEMONADE CRAZE,EYESHADOW PALETTE,CITRUS,234,140,114
MAYBELLINE NEWYORK,LEMONADE CRAZE,EYESHADOW PALETTE,BERRY ICE,237,151,142
MAYBELLINE NEWYORK,LEMONADE CRAZE,EYESHADOW PALETTE ,STAWBERRY LEMONADE,238,170,161
MAYBELLINE NEWYORK,LEMONADE CRAZE,EYESHADOW PALETTE,ICE POP,216,66,96
MAYBELLINE NEWYORK,LEMONADE CRAZE,EYESHADOW PALETTE,OLD FASHIONED,134,72,59
MAYBELLINE NEWYORK,LEMONADE CRAZE,EYESHADOW PALLETE,SUNNIES,247,211,176
MAYBELLINE NEWYORK,LEMONADE CRAZE,EYESHADOW PALETTE,LEMONADE GRAZE,255,152,68
MAYBELLINE NEWYORK,LEMONADE CRAZE,EYESHADOW PALETTE,CORAL PUNCH,236,98,85
MAYBELLINE NEWYORK,LEMONADE CRAZE,EYESHADOW PALETTE,SUGAR COATED,177,85,68
MAYBELLINE NEWYORK,LEMONADE CRAZE,EYESHADOW PALETTE,MAIN SQUEEZE,213,152,109
MAYBELLINE NEWYORK,LEMONADE CRAZE,EYESHADOW PALETTE,SWEET TEA,171,95,79
ANASTASIA BEVERLY HILLS,SOFT GLAM II,EYESHADOW PALETTE,Tempera (Ultra-matte velvety beige),225,192,171
ANASTASIA BEVERLY HILLS,SOFT GLAM II,EYESHADOW PALETTE,Dreamer (Metallic pink champagne),211,165,143
ANASTASIA BEVERLY HILLS,SOFT GLAM II,EYESHADOW PALETTE,Orange Soda (Ultra-matte pastel peach),226,152,103
ANASTASIA BEVERLY HILLS,SOFT GLAM II,EYESHADOW PALETTE,Dusty Rose (Ultra-matte dusty lilac),150,109,105
ANASTASIA BEVERLY HILLS,SOFT GLAM II,EYESHADOW PALETTE,Incense (Ultra-matte dusty terra-cotta),150,102,176
ANASTASIA BEVERLY HILLS,SOFT GLAM II,EYESHADOW PALETTE,Sultry (Satin metallic warm chocolate brown),159,116,112
ANASTASIA BEVERLY HILLS,SOFT GLAM II,EYESHADOW PALETTE,Mulberry (Ultra-matte mulberry),88,40,38
ANASTASIA BEVERLY HILLS,SOFT GLAM II,EYESHADOW PALETTE,Noir (Ultra-matte deep carbon black),34,30,31
ANASTASIA BEVERLY HILLS,NORVINA ,PRO PIGMENT PALETTE VOL.4,A1 (Warm metallic silver),202,185,155
ANASTASIA BEVERLY HILLS,NORVINA ,PRO PIGMENT PALETTE VOL.4,A2 (Lavender with a duo chrome shift pressed pigment)*,238,190,236
ANASTASIA BEVERLY HILLS,NORVINA ,PRO PIGMENT PALETTE VOL.4,A3 (Metallic magenta pressed pigment)*,251,104,213
ANASTASIA BEVERLY HILLS,NORVINA ,PRO PIGMENT PALETTE VOL.4,A4 (Matte peachy taupe),225,147,125
ANASTASIA BEVERLY HILLS,NORVINA ,PRO PIGMENT PALETTE VOL.4,A5 (Multidimensional rosy metallic pink),240,177,155
ANASTASIA BEVERLY HILLS,NORVINA ,PRO PIGMENT PALETTE VOL.4,B1 (Metallic golden sand),221,168,142
ANASTASIA BEVERLY HILLS,NORVINA ,PRO PIGMENT PALETTE VOL.4,B2 (Matte mauvy pink pressed pigment)*,198,64,89
ANASTASIA BEVERLY HILLS,NORVINA ,PRO PIGMENT PALETTE VOL.4,B3 (Matte light cinnamon pressed pigment)*,221,112,88
ANASTASIA BEVERLY HILLS,NORVINA ,PRO PIGMENT PALETTE VOL.4,B4 (Multidimensional metallic deep rose),234,169,150
ANASTASIA BEVERLY HILLS,NORVINA ,PRO PIGMENT PALETTE VOL.4,B5 (Matte gray with a pink undertone pressed pigment)*,157,105,93
ANASTASIA BEVERLY HILLS,NORVINA ,PRO PIGMENT PALETTE VOL.4,C1 (Frosty metallic baby pink pressed pigment)*,236,105,115
ANASTASIA BEVERLY HILLS,NORVINA ,PRO PIGMENT PALETTE VOL.4,C2 (Matte electric pink pressed pigment)*,254,68,169
,NORVINA ,PRO PIGMENT PALETTE VOL.4,C3 (Blue with a duo chrome purple shift pressed pigment)*,118,96,163
ANASTASIA BEVERLY HILLS,NORVINA ,PRO PIGMENT PALETTE VOL.4,C4 (Matte lavender pressed pigment)*,205,137,200
ANASTASIA BEVERLY HILLS,NORVINA ,PRO PIGMENT PALETTE VOL.4,C5 (Matte red pink pressed pigment)*,254,66,114
ANASTASIA BEVERLY HILLS,NORVINA ,PRO PIGMENT PALETTE VOL.4,D1 (Matte peachy base pressed pigment)*,221,147,102
ANASTASIA BEVERLY HILLS,NORVINA ,PRO PIGMENT PALETTE VOL.4,D2 (Matte electric yellow pressed pigment)*,241,233,137
ANASTASIA BEVERLY HILLS,NORVINA ,PRO PIGMENT PALETTE VOL.4,D3 (Dazzling metallic beige amber),192,134,113
ANASTASIA BEVERLY HILLS,NORVINA ,PRO PIGMENT PALETTE VOL.4,D4 (Pink with a duo chrome magenta shift pressed pigment)*,231,107,158
ANASTASIA BEVERLY HILLS,NORVINA ,PRO PIGMENT PALETTE VOL.4,D5 (Matte deep cinnamon),172,66,44
ANASTASIA BEVERLY HILLS,NORVINA ,PRO PIGMENT PALETTE VOL.4,E1 (Matte carnation pink pressed pigment)*,255,105,160
ANASTASIA BEVERLY HILLS,NORVINA ,PRO PIGMENT PALETTE VOL.4,E2 (Multidimensional gold sea foam green pressed glitter),245,240,234
ANASTASIA BEVERLY HILLS,NORVINA ,PRO PIGMENT PALETTE VOL.4,E3 (Multidimensional mauve pink pressed glitter),176,102,105
ANASTASIA BEVERLY HILLS,NORVINA ,PRO PIGMENT PALETTE VOL.4,E4 (Matte deep berry pressed pigment)*,144,43,73
ANASTASIA BEVERLY HILLS,NORVINA ,PRO PIGMENT PALETTE VOL.4,E5 (Matte hot pink pressed pigment)*,254,53,145
ANASTASIA BEVERLY HILLS,SOFT GLAM ,EYESHADOW PALETTE,Tempera (Ultra-matte velvety beige),245,208,190
ANASTASIA BEVERLY HILLS,SOFT GLAM ,EYESHADOW PALETTE,Glistening (Iridescent gold with a hint of pink reflect),232,175,133
ANASTASIA BEVERLY HILLS,SOFT GLAM ,EYESHADOW PALETTE,Orange Soda (Ultra-matte pastel peach),254,172,123
ANASTASIA BEVERLY HILLS,SOFT GLAM ,EYESHADOW PALETTE,Rose Pink (Rose gold with a soft pink iridescent hue),238,159,143
ANASTASIA BEVERLY HILLS,SOFT GLAM ,EYESHADOW PALETTE,Sultry (A hybrid satin metallic finish warm chocolate brown),177,107,97
ANASTASIA BEVERLY HILLS,SOFT GLAM ,EYESHADOW PALETTE,Bronze (Metallic gold bronze),216,161,105
ANASTASIA BEVERLY HILLS,SOFT GLAM ,EYESHADOW PALETTE,Mulberry (Ultra-matte mulberry),116,39,35
ANASTASIA BEVERLY HILLS,SOFT GLAM ,EYESHADOW PALETTE,Dusty Rose (Ultra-matte dusty lilac),195,128,123
ANASTASIA BEVERLY HILLS,SOFT GLAM ,EYESHADOW PALETTE,Fairy (Multi-dimensional light gold),233,191,141
ANASTASIA BEVERLY HILLS,SOFT GLAM ,EYESHADOW PALETTE,Burnt Orange (Ultra-matte deep orange),218,136,100
ANASTASIA BEVERLY HILLS,SOFT GLAM ,EYESHADOW PALETTE,Sienna (Ultra-matte earthy brown),177,94,74
ANASTASIA BEVERLY HILLS,SOFT GLAM ,EYESHADOW PALETTE,Rustic (Ultra-matte deep cinnamon brown),158,93,63
ANASTASIA BEVERLY HILLS,SOFT GLAM ,EYESHADOW PALETTE,Cyprus Umber (Ultra-matte dark coffee),117,72,57
ANASTASIA BEVERLY HILLS,SOFT GLAM ,EYESHADOW PALETTE,Noir (Ultra-matte deep carbon black),25,19,19
ANASTASIA BEVERLY HILLS,MODERN RENAISSANCE,EYE SHADOW PALETTE,Tempera (Velvety beige with an ultra-matte finish),245,219,206
ANASTASIA BEVERLY HILLS,MODERN RENAISSANCE,EYE SHADOW PALETTE,Golden Ochre (Earthy yellow with an ultra-matte finish),239,189,152
ANASTASIA BEVERLY HILLS,MODERN RENAISSANCE,EYESHADOW PALETTTE,Vermeer (Iridescent shell with a metallic finish),245,220,214
ANASTASIA BEVERLY HILLS,MODERN RENAISSANCE,EYESHADOW PALETTTE,Buon Fresco (Antique lavender with an ultra-matte finish),201,148,152
ANASTASIA BEVERLY HILLS,MODERN RENAISSANCE,EYSHADOW PALETTE,Antique Bronze (Metallic sable with a satin finish),179,103,92
ANASTASIA BEVERLY HILLS,MODERN RENAISSANCE,EYESHADOW PALETTE,Love Letter (Raspberry with an ultra-matte finish),171,36,90
ANASTASIA BEVERLY HILLS,MODERN RENAISSANCE,EYESHADOW PALETTE,Cyprus Umber (Dark coffee with an ultra-matte finish),114,69,60
ANASTASIA BEVERLY HILLS,MODERN RENAISSANCE,EYESHADOW PALETTE,Realgar (Brick with an ultra-matte finish),206,90,63
ANASTASIA BEVERLY HILLS,MODERN RENAISSANCE,EYESHADOW PALETTE,Warm Taupe (Earthy grey with an ultra-matte finish),195,138,117
ANASTASIA BEVERLY HILLS,MODERN RENAISSANCE,EYESHADOW PALETTE,Venetian Red (Crimson with an ultra-matte finish),187,53,86
ANASTASIA BEVERLY HILLS,MODERN RENAISSANCE,EYESHADOW PALETTE,Red Ochre (Sienna with an ultra-matte finish),173,78,70
ANASTASIA BEVERLY HILLS,MODERN RENAISSANCE,EYESHADOW PALETTE,Primavera (Shimmery gold dust with a metallic finish),245,200,171
ANASTASIA BEVERLY HILLS,MODERN RENAISSANCE,EYESHADOW PALETEE,Burnt Orange (Deep orange with an ultra-matte finish),234,144,96
ANASTASIA BEVERLY HILLS,MODERN RENAISSANCE,EYESHADOW PALETTE,Raw Sienna (Neutral amber with an ultra-matte finish),214,134,86
ANASTASIA BEVERLY HILLS,RIVIERA PALETTE,EYESHADOW PALETTE,Sails (Matte white),217,215,215
ANASTASIA BEVERLY HILLS,RIVIERA PALETTE,EYESHADOW PALETTE,Yacht (Duo Chrome mauvy taupe with a violet shift),145,101,77
ANASTASIA BEVERLY HILLS,RIVIERA PALETTE,EYESHADOW PALETTE,Seychelles (Metallic aqua marine),47,119,134
ANASTASIA BEVERLY HILLS,RIVIERA PALETTE,EYESHADOW PALETTE ,Palermo (Metallic jewel pink),164,72,89
ANASTASIA BEVERLY HILLS,RIVIERA PALETTE,EYESHADOW PALETTE ,Seaside (Duo Chrome silver with a subtle blue shift),149,131,142
ANASTASIA BEVERLY HILLS,RIVIERA PALETTE,EYESHADOW PALETTE ,Inheritance (Metallic true gold),232,176,104
ANASTASIA BEVERLY HILLS,RIVIERA PALETTE,EYESHADOW PALETTE ,Mediterranean (Metallic sky blue),124,130,161
ANASTASIA BEVERLY HILLS,RIVIERA PALETTE,EYESHADOW PALETTE ,Estate (Matte soft pastel peachy pink),213,146,123
ANASTASIA BEVERLY HILLS,RIVIERA PALETTE,EYESHADOW PALETTE ,Cabana (Matte muted birch mustard),187,141,88
ANASTASIA BEVERLY HILLS,RIVIERA PALETTE,EYESHADOW PALETTE ,Coastline (Matte pastel soft peach),198,112,96
ANASTASIA BEVERLY HILLS,RIVIERA PALETTE,EYESHADOW PALETTE ,Bahamas (Matte bright bold candy hot pink pressed pigment),214,36,96
ANASTASIA BEVERLY HILLS,RIVIERA PALETTE,EYESHADOW PALETTE ,Monte Carlo (Matte cool mid-tone pink),199,85,101
ANASTASIA BEVERLY HILLS,RIVIERA PALETTE,EYESHADOW PALETTE ,Cannes (Matte bright violet purple pressed pigment),92,36,101
ANASTASIA BEVERLY HILLS,RIVIERA PALETTE,EYESHADOW PALETTE ,Palm (Matte dark chocolate brown pressed pigment),83,46,36
ANASTASIA BEVERLY HILLS,NORVINA ,EYESHADOW PALETTE,Dreamer (Metallic pink champagne),200,159,137
ANASTASIA BEVERLY HILLS,NORVINA ,EYESHADOW PALETTE,Summer (Foiled golden topaz),156,111,86
ANASTASIA BEVERLY HILLS,NORVINA ,EYESHADOW PALETTE,Wild Child (Duo chrome frosty pink with a magenta shift),206,136,160
ANASTASIA BEVERLY HILLS,NORVINA ,EYESHADOW PALETTE,Rose Gold (Metallic rosewood),185,122,122
ANASTASIA BEVERLY HILLS,NORVINA ,EYESHADOW PALETTE,Celestial (Duo chrome plum with a violet shift),157,101,150
ANASTASIA BEVERLY HILLS,NORVINA ,EYESHADOW PALETTE,Dazzling (Cool-tone bronze with a violet shift),169,128,121
ANASTASIA BEVERLY HILLS,NORVINA ,EYESHADOW PALETTE,Drama (Duo chrome aubergine with a cool bronze shift),143,87,111
ANASTASIA BEVERLY HILLS,NORVINA ,EYESHADOW PALETTE,Base (Matte eggshell),205,169,145
ANASTASIA BEVERLY HILLS,NORVINA ,EYESHADOW PALETTE,Soul (Matte wisteria),127,110,152
ANASTASIA BEVERLY HILLS,NORVINA ,EYESHADOW PALETTE,Incense (Matte dusty terra-cotta),145,103,78
ANASTASIA BEVERLY HILLS,NORVINA ,EYESHADOW PALETTE,Love (Matte mid-tone cool pink),183,111,117
ANASTASIA BEVERLY HILLS,NORVINA ,EYESHADOW PALETTE,Volatile (Matte warm charcoal),127,87,80
ANASTASIA BEVERLY HILLS,NORVINA ,EYESHADOW PALETTE,Eccentric (Matte dark burnt orange),153,88,48
ANASTASIA BEVERLY HILLS,NORVINA ,EYESHADOW PALETTE,Passion (Matte deep garnet),116,60,66
ANASTASIA BEVERLY HILLS,ALYSSA EDWARD PALETTE,EYESHADOW PALETTE,Headliner (Matte bright white),227,230,48
ANASTASIA BEVERLY HILLS,ALYSSA EDWARD PALETTE,EYESHADOW PALETTE,Inspire (Metallic champagne gold),193,144,117
ANASTASIA BEVERLY HILLS,ALYSSA EDWARD PALETTE,EYESHADOW PALETTE,Unicorn Tribe (Matte cool plum pink),179,60,116
ANASTASIA BEVERLY HILLS,ALYSSA EDWARD PALETTE,EYESHADOW PALETTE,Brick Road (Matte primary yellow),237,183,48
ANASTASIA BEVERLY HILLS,ALYSSA EDWARD PALETTE,EYESHADOW PALETTE,Texas Made (Matte fuchsia hot pink pressed pigment)*,221,11,98
ANASTASIA BEVERLY HILLS,ALYSSA EDWARD PALETTE,EYESHADOW PALETTE,Dream It (Matte royal blue pressed pigment)*,16,48,167
ANASTASIA BEVERLY HILLS,ALYSSA EDWARD PALETTE,EYESHADOW PALETTE,Back Rolls (Matte warm chocolate brown),94,49,44
ANASTASIA BEVERLY HILLS,ALYSSA EDWARD PALETTE,EYESHADOW PALETTE,The Supreme (Matte deep peach),210,107,88
ANASTASIA BEVERLY HILLS,ALYSSA EDWARD PALETTE,EYESHADOW PALETTE,H.O.E. (Matte neutral taupey brown),151,98,79
ANASTASIA BEVERLY HILLS,ALYSSA EDWARD PALETTE,EYESHADOW PALETTE,D.D.G. (Rich metallic violet with silver flecks),66,32,117
ANASTASIA BEVERLY HILLS,ALYSSA EDWARD PALETTE,EYESHADOW PALETTE,B.B.D.C. (Deep cool aubergine pressed pigment)*,85,23,64
ANASTASIA BEVERLY HILLS,ALYSSA EDWARD PALETTE,EYESHADOW PALETTE,Beyond (Warm metallic fuchsia),159,18,60
ANASTASIA BEVERLY HILLS,ALYSSA EDWARD PALETTE,EYESHADOW PALETTE,Believe (Violet purple pressed pigment)*,89,23,146
ANASTASIA BEVERLY HILLS,ALYSSA EDWARD PALETTE,EYESHADOW PALETTE,Beast (Matte blackest black),30,24,26
ANASTASIA BEVERLY HILLS,NORVINA ,PRO PIGMENT PALETTE VOL.3,A1 (Matte chartreuse yellow),230,221,50
ANASTASIA BEVERLY HILLS,NORVINA ,PRO PIGMENT PALETTE VOL.3,A2 (Matte vibrant orange pressed pigment)*,255,99,35
ANASTASIA BEVERLY HILLS,NORVINA ,PRO PIGMENT PALETTE VOL.3,A3 (Matte harvest pumpkin pressed pigment)*,235,128,60
ANASTASIA BEVERLY HILLS,NORVINA ,PRO PIGMENT PALETTE VOL.3,A4 (Fresh green with a silver sparkle),150,199,55
ANASTASIA BEVERLY HILLS,NORVINA ,PRO PIGMENT PALETTE VOL.3,A5 (Matte intense red-orange pressed pigment)*,254,76,38
ANASTASIA BEVERLY HILLS,NORVINA ,PRO PIGMENT PALETTE VOL.3,B1 (Metallic aqua),133,176,177
ANASTASIA BEVERLY HILLS,NORVINA ,PRO PIGMENT PALETTE VOL.3,B2 (Matte jade with a gold sparkle),73,186,121
ANASTASIA BEVERLY HILLS,NORVINA ,PRO PIGMENT PALETTE VOL.3,B3 (Matte hot flamingo pink pressed pigment)*,255,57,94
ANASTASIA BEVERLY HILLS,NORVINA ,PRO PIGMENT PALETTE VOL.3,B4 (Matte royal fuchsia pressed pigment)*,187,49,102
ANASTASIA BEVERLY HILLS,NORVINA ,PRO PIGMENT PALETTE VOL.3,B5 (Matte light apricot pressed pigment)*,245,132,92
ANASTASIA BEVERLY HILLS,NORVINA ,PRO PIGMENT PALETTE VOL.3,C1 (Metallic sparkling white wine),241,207,149
ANASTASIA BEVERLY HILLS,NORVINA ,PRO PIGMENT PALETTE VOL.3,C2 (Matte candy apple pressed pigment)*,254,58,55
ANASTASIA BEVERLY HILLS,NORVINA ,PRO PIGMENT PALETTE VOL.3,C3 (Matte baked cinnamon pressed pigment)*,225,99,77
ANASTASIA BEVERLY HILLS,NORVINA ,PRO PIGMENT PALETTE VOL.3,C4 (Matte mulberry pressed pigment)*,153,41,55
ANASTASIA BEVERLY HILLS,NORVINA ,PRO PIGMENT PALETTE VOL.3,C5 (Titanium teal with a gold sparkle),144,185,138
ANASTASIA BEVERLY HILLS,NORVINA ,PRO PIGMENT PALETTE VOL.3,D1 (Matte warm cider pressed pigment)*,228,110,64
ANASTASIA BEVERLY HILLS,NORVINA ,PRO PIGMENT PALETTE VOL.3,D2 (Pale peach with a gold sparkle pressed pigment)*,252,158,103
ANASTASIA BEVERLY HILLS,NORVINA ,PRO PIGMENT PALETTE VOL.3,D3 (Matte true lime green),113,193,68
ANASTASIA BEVERLY HILLS,NORVINA ,PRO PIGMENT PALETTE VOL.3,D4 (Metallic orange with a gold sparkle pressed pigment)*,253,110,73
ANASTASIA BEVERLY HILLS,NORVINA ,PRO PIGMENT PALETTE VOL.3,D5 (Peach nectar with a gold sparkle pressed pigment)*,254,185,151
ANASTASIA BEVERLY HILLS,NORVINA ,PRO PIGMENT PALETTE VOL.3,E1 (Matte shamrock green pressed pigment)*,37,182,87
ANASTASIA BEVERLY HILLS,NORVINA ,PRO PIGMENT PALETTE VOL.3,E2 (Matte merlot pressed pigment)*,163,47,51
ANASTASIA BEVERLY HILLS,NORVINA ,PRO PIGMENT PALETTE VOL.3,E3 (Matte vibrant coral pressed pigment)*,254,119,89
ANASTASIA BEVERLY HILLS,NORVINA ,PRO PIGMENT PALETTE VOL.3,E4 (Matte dandelion yellow),255,207,57
ANASTASIA BEVERLY HILLS,NORVINA ,PRO PIGMENT PALETTE VOL.3,E5 (Metallic magenta with a pink iridescent shift pressed pigment)*,173,61,120
ANASTASIA BEVERLY HILLS,DAY TIME COLLECTION,EYESHADOW PALETTE,Sunny (Metallic sunset golden yellow),240,218,171
ANASTASIA BEVERLY HILLS,DAY TIME COLLECTION,EYESHADOW PALETTE,Sand Castle (Matte sandy nude),172,114,77
ANASTASIA BEVERLY HILLS,DAY TIME COLLECTION,EYESHADOW PALETTE,Papaya (Matte pastel orange),205,120,89
ANASTASIA BEVERLY HILLS,DAY TIME COLLECTION,EYESHADOW PALETTE,Rose Quartz (Metallic pink with peach shift),221,159,144
ANASTASIA BEVERLY HILLS,NORVINA ,PRO PIGMENT PALETTE VOL.1,A1 (Metallic lilac with a cool pink reflect),217,163,201
ANASTASIA BEVERLY HILLS,NORVINA ,PRO PIGMENT PALETTE VOL.1,A2 (Matte mid-tone vivid violet pressed pigment)*,158,68,166
ANASTASIA BEVERLY HILLS,NORVINA ,PRO PIGMENT PALETTE VOL.1,A3 (Matte rich plum pressed pigment)*,120,26,86
ANASTASIA BEVERLY HILLS,NORVINA ,PRO PIGMENT PALETTE VOL.1,A4 (Metallic golden copper),155,110,81
ANASTASIA BEVERLY HILLS,NORVINA ,PRO PIGMENT PALETTE VOL.1,A5 (Matte vibrant warm candy pink pressed pigment)*,221,16,78
ANASTASIA BEVERLY HILLS,NORVINA ,PRO PIGMENT PALETTE VOL.1,B1 (Matte vivid lilac pressed pigment)*,199,68,144
ANASTASIA BEVERLY HILLS,NORVINA ,PRO PIGMENT PALETTE VOL.1,B2 (Metallic rosy bronze with gold sparkles),138,90,85
ANASTASIA BEVERLY HILLS,NORVINA ,PRO PIGMENT PALETTE VOL.1,B3 (Metallic platinum rose with gold sparkles pressed pigment)*,193,109,128
ANASTASIA BEVERLY HILLS,NORVINA ,PRO PIGMENT PALETTE VOL.1,B4 (Matte deep cool violet pressed pigment)*,114,63,138
ANASTASIA BEVERLY HILLS,NORVINA ,PRO PIGMENT PALETTE VOL.1,B5 (Matte deep cool plum pressed pigment)*,131,71,125
ANASTASIA BEVERLY HILLS,NORVINA ,PRO PIGMENT PALETTE VOL.1,C1 (Matte bright white),236,237,239
ANASTASIA BEVERLY HILLS,NORVINA ,PRO PIGMENT PALETTE VOL.1,C2 (Metallic yellow gold),206,173,110
ANASTASIA BEVERLY HILLS,NORVINA ,PRO PIGMENT PALETTE VOL.1,C3 (Metallic deep rose gold with gold sparkles),171,96,101
ANASTASIA BEVERLY HILLS,NORVINA ,PRO PIGMENT PALETTE VOL.1,C4 (Matte mauve plum pressed pigment)*,161,59,96
ANASTASIA BEVERLY HILLS,NORVINA ,PRO PIGMENT PALETTE VOL.1,C5 (Matte burnt sienna brown pressed pigment)*,143,55,59
ANASTASIA BEVERLY HILLS,NORVINA ,PRO PIGMENT PALETTE VOL.1,D1 (Matte primary yellow),225,172,66
ANASTASIA BEVERLY HILLS,NORVINA ,PRO PIGMENT PALETTE VOL.1,D2 (Shimmering blue purple pressed pigment)*,102,112,165
ANASTASIA BEVERLY HILLS,NORVINA ,PRO PIGMENT PALETTE VOL.1,D3 (Matte primary red pressed pigment)*,230,28,52
ANASTASIA BEVERLY HILLS,NORVINA ,PRO PIGMENT PALETTE VOL.1,D4 (Sparkling matte primary blue with blue sparkles pressed pigment)*,2,72,160
ANASTASIA BEVERLY HILLS,NORVINA ,PRO PIGMENT PALETTE VOL.1,D5 (Matte black pressed pigment)*,37,32,36
ANASTASIA BEVERLY HILLS,NORVINA ,PRO PIGMENT PALETTE VOL.1,E1 (Shimmering peach gold pressed pigment)*,219,120,104
ANASTASIA BEVERLY HILLS,NORVINA ,PRO PIGMENT PALETTE VOL.1,E2 (Matte pastel orange pressed pigment)*,238,88,63
ANASTASIA BEVERLY HILLS,NORVINA ,PRO PIGMENT PALETTE VOL.1,E3 (Matte ochre yellow),193,124,59
ANASTASIA BEVERLY HILLS,NORVINA ,PRO PIGMENT PALETTE VOL.1,E4 (Matte neon orange pressed pigment)*,242,53,57
ANASTASIA BEVERLY HILLS,NORVINA ,PRO PIGMENT PALETTE VOL.1,E5 (Matte oxblood pressed pigment)*,126,47,50
ANASTASIA BEVERLY HILLS,NORVINA ,PRO PIGMENT PALETTE  VOL.2,A1 (Shimmer hot pink pressed pigment)*,215,54,111
ANASTASIA BEVERLY HILLS,NORVINA ,PRO PIGMENT PALETTE  VOL.2,A2 (Matte lime yellow),248,243,88
ANASTASIA BEVERLY HILLS,NORVINA ,PRO PIGMENT PALETTE  VOL.2,A3 (Shimmer lime),202,219,98
ANASTASIA BEVERLY HILLS,NORVINA ,PRO PIGMENT PALETTE  VOL.2,A4 (Shimmer periwinkle pressed pigment)*,189,171,174
ANASTASIA BEVERLY HILLS,NORVINA ,PRO PIGMENT PALETTE  VOL.2,A5 (Shimmer teal),75,147,127
ANASTASIA BEVERLY HILLS,NORVINA ,PRO PIGMENT PALETTE  VOL.2,B1 (Matte green with large sparkle that doesn’t alter the formula),139,202,81
ANASTASIA BEVERLY HILLS,NORVINA ,PRO PIGMENT PALETTE  VOL.2,B2 (Matte deep periwinkle blue pressed pigment)*,118,111,200
ANASTASIA BEVERLY HILLS,NORVINA ,PRO PIGMENT PALETTE  VOL.2,B3 (Matte jade green),118,194,105
ANASTASIA BEVERLY HILLS,NORVINA ,PRO PIGMENT PALETTE  VOL.2,B4 (Matte ultramarine blue pressed pigment)*,81,119,219
ANASTASIA BEVERLY HILLS,NORVINA ,PRO PIGMENT PALETTE  VOL.2,B5 (Matte azure blue),3,136,198
ANASTASIA BEVERLY HILLS,NORVINA ,PRO PIGMENT PALETTE  VOL.2,C1 (Multi-shade reflective shimmer champagne),255,228,173
ANASTASIA BEVERLY HILLS,NORVINA ,PRO PIGMENT PALETTE  VOL.2,C2 (Matte sky blue with sparkle),76,152,221
ANASTASIA BEVERLY HILLS,NORVINA ,PRO PIGMENT PALETTE  VOL.2,C3 (Matte cobalt blue pressed pigment)*,85,86,166
ANASTASIA BEVERLY HILLS,NORVINA ,PRO PIGMENT PALETTE  VOL.2,C4 (Matte Prussian blue),88,92,120
ANASTASIA BEVERLY HILLS,NORVINA ,PRO PIGMENT PALETTE  VOL.2,C5 (Matte oxblood pressed pigment)*,132,60,63
ANASTASIA BEVERLY HILLS,NORVINA ,PRO PIGMENT PALETTE  VOL.2,D1 (Multi-reflective green silver),140,151,157
ANASTASIA BEVERLY HILLS,NORVINA ,PRO PIGMENT PALETTE  VOL.2,D2 (Matte bold orange pressed pigment)*,255,142,82
ANASTASIA BEVERLY HILLS,NORVINA ,PRO PIGMENT PALETTE  VOL.2,D3 (Matte hot pink pressed pigment)*,254,89,171
ANASTASIA BEVERLY HILLS,NORVINA ,PRO PIGMENT PALETTE  VOL.2,D4 (Matte yellow with large sparkle),255,255,83
ANASTASIA BEVERLY HILLS,NORVINA ,PRO PIGMENT PALETTE  VOL.2,D5 (Matte navy blue pressed pigment)*,71,70,99
ANASTASIA BEVERLY HILLS,NORVINA ,PRO PIGMENT PALETTE  VOL.2,E1 (Matte emerald green with large sparkle),97,189,132
ANASTASIA BEVERLY HILLS,NORVINA ,PRO PIGMENT PALETTE  VOL.2,E2 (Shimmering amethyst),192,158,134
ANASTASIA BEVERLY HILLS,NORVINA ,PRO PIGMENT PALETTE  VOL.2,E3 (Matte teal green),55,152,123
ANASTASIA BEVERLY HILLS,NORVINA ,PRO PIGMENT PALETTE  VOL.2,E4 (Matte red brown pressed pigment),120,76,66
ANASTASIA BEVERLY HILLS,NORVINA ,PRO PIGMENT PALETTE  VOL.2,E5 (Matte black pressed pigment)*,37,36,34
ANASTASIA BEVERLY HILLS,SUNSET COLLECTION,EYESHADOW PALETTE,Birkin (Matte warm beige mauve),192,123,103
ANASTASIA BEVERLY HILLS,SUNSET COLLECTION,EYESHADOW PALETTE,Blue Flash (Duo Chrome blue and violet shift sparkle),187,174,193
ANASTASIA BEVERLY HILLS,SUNSET COLLECTION,EYESHADOW PALETTE,Streak (Metallic bronzy nude),210,164,139
ANASTASIA BEVERLY HILLS,SUNSET COLLECTION,EYESHADOW PALETTE,Horizon (Matte grey plum),108,84,84
ANASTASIA BEVERLY HILLS,MINI NORVINA,PRO PIGMENT PALETTE VOL.3,A1 (Sheer white with iridescent pink reflect),209,144,147
ANASTASIA BEVERLY HILLS,MINI NORVINA,PRO PIGMENT PALETTE VOL.3,A2 (Lilac glitter with multidimensional sparkle),163,95,108
ANASTASIA BEVERLY HILLS,MINI NORVINA,PRO PIGMENT PALETTE VOL.3,A3 (Smoky blueberry with bright blue shimmer),107,95,97
ANASTASIA BEVERLY HILLS,MINI NORVINA,PRO PIGMENT PALETTE VOL.3,B1 (Matte deep raspberry pressed pigment)*,177,10,55
ANASTASIA BEVERLY HILLS,MINI NORVINA,PRO PIGMENT PALETTE VOL.3,B2 (Matte sky blue),132,152,159
ANASTASIA BEVERLY HILLS,MINI NORVINA,PRO PIGMENT PALETTE VOL.3,B3 (Matte rose pink pressed pigment)*,214,53,99
ANASTASIA BEVERLY HILLS,MINI NORVINA,PRO PIGMENT PALETTE VOL.3,C1 (Matte dark cherry pressed pigment)*,158,39,66
ANASTASIA BEVERLY HILLS,MINI NORVINA,PRO PIGMENT PALETTE VOL.3,C2 (Matte jade green),56,125,106
ANASTASIA BEVERLY HILLS,MINI NORVINA,PRO PIGMENT PALETTE VOL.3,C3 (Matte bright cherry pressed pigment)*,202,9,53
ANASTASIA BEVERLY HILLS,MINI NORVINA,PRO PIGMENT PALETTE VOL.2,A1 (Matte banana ),223,192,140
ANASTASIA BEVERLY HILLS,MINI NORVINA,PRO PIGMENT PALETTE VOL.2,A2 (Matte lime green),179,185,152
ANASTASIA BEVERLY HILLS,MINI NORVINA,PRO PIGMENT PALETTE VOL.2,A3 (Matte cantaloupe pressed pigment)*,219,140,103
ANASTASIA BEVERLY HILLS,MINI NORVINA,PRO PIGMENT PALETTE VOL.2,B1 (Matte vibrant clementine pressed pigment)*,210,89,66
ANASTASIA BEVERLY HILLS,MINI NORVINA,PRO PIGMENT PALETTE VOL.2,B2 (Metallic gold),232,190,167
ANASTASIA BEVERLY HILLS,MINI NORVINA,PRO PIGMENT PALETTE VOL.2,B3 (Matte dark teal),79,128,107
ANASTASIA BEVERLY HILLS,MINI NORVINA,PRO PIGMENT PALETTE VOL.2,C1 (Matte fuchsia pressed pigment)*,201,69,104
ANASTASIA BEVERLY HILLS,MINI NORVINA,PRO PIGMENT PALETTE VOL.2,C2 (Metallic green gold with a sparkle reflect pressed pigment)*,229,225,194
ANASTASIA BEVERLY HILLS,MINI NORVINA,PRO PIGMENT PALETTE VOL.2,C3 (Matte mauve brown),173,86,92
ANASTASIA BEVERLY HILLS,MINI NORVINA,PRO PIGMENT PALETTE VOL.1,A1 (Matte peach coral pressed pigment)*,200,80,90
ANASTASIA BEVERLY HILLS,MINI NORVINA,PRO PIGMENT PALETTE VOL.1,A2 (Metallic gold foil),218,193,165
ANASTASIA BEVERLY HILLS,MINI NORVINA,PRO PIGMENT PALETTE VOL.1,A3 (Matte sugarplum with pink sparkle reflect pressed pigment)*,181,106,128
ANASTASIA BEVERLY HILLS,MINI NORVINA,PRO PIGMENT PALETTE VOL.1,B1 (Matte deep pink pressed pigment)*,193,56,77
ANASTASIA BEVERLY HILLS,MINI NORVINA,PRO PIGMENT PALETTE VOL.1,B2 (Metallic pink champagne),242,209,226
ANASTASIA BEVERLY HILLS,MINI NORVINA,PRO PIGMENT PALETTE VOL.1,B3 (Matte magenta pink pressed pigment)*,206,119,164
ANASTASIA BEVERLY HILLS,MINI NORVINA,PRO PIGMENT PALETTE VOL.1,C1 (Matte deep lavender pressed pigment)*,164,102,143
ANASTASIA BEVERLY HILLS,MINI NORVINA,PRO PIGMENT PALETTE VOL.1,C2 (Matte cool violet pressed pigment)*,97,67,123
ANASTASIA BEVERLY HILLS,MINI NORVINA,PRO PIGMENT PALETTE VOL.1,C3 (Matte deep berry pressed pigment)*,145,45,68
ANASTASIA BEVERLY HILLS,JACKIE AINA PALETTE,EYESHADOW PALETTE,Soleil (Metallic soft peach with a gold shift),205,148,125
ANASTASIA BEVERLY HILLS,JACKIE AINA PALETTE,EYESHADOW PALETTE,Supreme (Matte rosy pink pressed pigment)*,191,86,101
ANASTASIA BEVERLY HILLS,JACKIE AINA PALETTE,EYESHADOW PALETTE,Pinker (Matte mid-tone cool plum pressed pigment)*,125,50,69
ANASTASIA BEVERLY HILLS,JACKIE AINA PALETTE,EYESHADOW PALETTE,Big wig (Matte rich purple pressed pigment)*,93,38,81
ANASTASIA BEVERLY HILLS,JACKIE AINA PALETTE,EYESHADOW PALETTE,Dwollahs (Metallic golden olive),165,132,91
ANASTASIA BEVERLY HILLS,JACKIE AINA PALETTE,EYESHADOW PALETTE,Credit (Deep matte plum brown),85,41,40
ANASTASIA BEVERLY HILLS,JACKIE AINA PALETTE,EYESHADOW PALETTE,Lituation (Metallic deep taupe with a violet shift),166,124,124
ANASTASIA BEVERLY HILLS,JACKIE AINA PALETTE,EYESHADOW PALETTE,Zamn (Sparkling rose gold),217,163,149
ANASTASIA BEVERLY HILLS,JACKIE AINA PALETTE,EYESHADOW PALETTE,Wiggalese (Metallic cranberry red),132,46,51
ANASTASIA BEVERLY HILLS,JACKIE AINA PALETTE,EYESHADOW PALETTE,Shookington (Metallic violet with a blue shift),90,65,102
ANASTASIA BEVERLY HILLS,JACKIE AINA PALETTE,EYESHADOW PALETTE,Trust issues (Sparkling white gold),196,190,170
ANASTASIA BEVERLY HILLS,JACKIE AINA PALETTE,EYESHADOW PALETTE,Edges (Matte deep peach),161,73,63
ANASTASIA BEVERLY HILLS,JACKIE AINA PALETTE,EYESHADOW PALETTE,Sponsored (Metallic chocolate with a teal shift),97,86,76
ANASTASIA BEVERLY HILLS,JACKIE AINA PALETTE,EYESHADOW PALETTE,Ginger (Matte caramel brown),156,88,63
ANASTASIA BEVERLY HILLS,CARLIE BYBEL PALETTE,EYESHADOW PALETTE,Boli (Metallic champagne),234,201,191
ANASTASIA BEVERLY HILLS,CARLIE BYBEL PALETTE,EYESHADOW PALETTE,Bybel (Matte reddish-purple brown),170,102,103
ANASTASIA BEVERLY HILLS,CARLIE BYBEL PALETTE,EYESHADOW PALETTE,Mandala (Metallic/Duo chrome light purple),191,160,197
ANASTASIA BEVERLY HILLS,CARLIE BYBEL PALETTE,EYESHADOW PALETTE,Libra (Metallic goldish),204,154,153
ANASTASIA BEVERLY HILLS,CARLIE BYBEL PALETTE,EYESHADOW PALETTE,Jode (Shimmer teal),130,122,135
ANASTASIA BEVERLY HILLS,CARLIE BYBEL PALETTE,EYESHADOW PALETTE,OA (Duo chrome blue + purple),110,106,121
ANASTASIA BEVERLY HILLS,CARLIE BYBEL PALETTE,EYESHADOW PALETTE,Boie (Matte ash brown),123,81,69
ANASTASIA BEVERLY HILLS,CARLIE BYBEL PALETTE,EYESHADOW PALETTE,Bear (Matte beige),224,200,176
ANASTASIA BEVERLY HILLS,CARLIE BYBEL PALETTE,EYESHADOW PALETTE,Moo (Metallic light gold),212,163,135
ANASTASIA BEVERLY HILLS,CARLIE BYBEL PALETTE,EYESHADOW PALETTE,Chai (Matte light brown),201,122,92
ANASTASIA BEVERLY HILLS,CARLIE BYBEL PALETTE,EYESHADOW PALETTE,Cindy (Matte bright orange pressed pigment)*,235,133,116
ANASTASIA BEVERLY HILLS,CARLIE BYBEL PALETTE,EYESHADOW PALETTE,Stev (Matte dark red),164,50,76
ANASTASIA BEVERLY HILLS,CARLIE BYBEL PALETTE,EYESHADOW PALETTE,Aura (Metallic red pink shimmer),204,129,130
ANASTASIA BEVERLY HILLS,CARLIE BYBEL PALETTE,EYESHADOW PALETTE,My Angels (Metallic gold),153,106,68
