opi,NLL72,red colour,111,4,4
opi,918,silver shatter,157,158,160
opi,918,Navy shatter,25,18,36
opi,12,strawberry margarita,255,76,111
opi,4287,boy friends jeans,4,7,26
opi,4237,an affair in red square,123,1,4
opi,NLL00 alpine snow,nail lacquer,219,223,222
opi,bogota blackberry,nail lacquer,76,15,15
opi,4251,big apple red ,173,15,30
opi,4243,tiramisu,240,222,212
opi,4632,conditioning primer ,201,233,236
opi,4252,cajun shrimp,234,11,42
opi,4253,bubble bath,252,218,209
opi,1180,star to finish,245,243,246
opi,835,hot and spicy,254,78,70
opi,282,dulce de leche,229,172,169
opi,4803,como se llama,81,5,7
opi,4867,samural breaks,112,54,130
opi,3494,patience pays off,234,218,221
opi,4236,chicago champagne toast,141,67,75
opi,4238,cha ching cherry ,224,32,98
opi,4863,suzi san climbs fuji san,51,150,147
opi,834,red my fortune cookie,219,1,36
opi,360,natural nail base coat,255,242,250
opi,4807,don?t toot my flute,205,184,223
opi,ISLM94,hue is the artist infinite shine,224,214,226
opi,ISLM93,Mariachi makes my day,54,34,84
opi,ISLM92,Mi casa es blue casa,92,143,210
opi,ISLM91,Telenovela me about it,211,52,128
opi,ISLM90,Viva opi,245,131,107
opi,ISLM89,My chihuahua doesn't bite anymore,240,149,136
opi,ISLM88,coral -ing your spirit animal ,226,141,112
opi,ISLM87,Mural mural on the wall,240,114,114
opi,ISLM86,Suzi's slinging mezcal ,229,204,133
opi,ISLM85,don?t tell a sol,238,214,91
opi,ISLM84,verde nice to meet you,106,164,155
opi,ISLM83,Mexico city move-mint ,201,229,233
opi,NLT02,Black onyx,74,74,74
opi,9410112,NLS63 chicago champagne toast,216,160,167
opi,9405411,NLL64 cajun shrimp ,250,88,112
opi,9421215,NLS86 bubble bath 9421215,254,230,226
opi,NLL60 ,dutch tulips,213,1,54
opi,NL127,italian love affair ,233,177,173
opi,NLH49,Meet me star ferry,154,102,117
opi,NLH48,Lucky lucky lavender,202,136,170
opi,NLH47,A good man darin is hard to find,235,96,55
opi,NLH46,suzi says feng shui,63,102,135
opi,NLH43 hot spicy,Nail lacquer new orleans,238,106,70
opi,NLH42 red my fortune cookie,Nail lacquer new orleans,227,32,38
opi,NLH08,new orleans I'm not really a waitress,183,4,75
opi,NLG13,Berline there done that ,138,108,104
opi,NLG01 -9435014,Aphrodite pink nightie,192,108,132
opi,NLF15,You don?t know jacques ,153,131,107
opi,NLE63,new orleans navy shatter,18,9,38
opi,NLE62,new orleans silver shatter,150,152,153
opi,NLE56,new orleans blue shatter,35,74,177
opi,NLE55,new orleans red shatter ,141,25,28
opi,NLE54,new orleans white shatter ,235,235,235
opi,NLE53,new orleans black shatter ,22,22,22
opi,NLE50,new orleans pamplona purple ,74,37,62
opi,NLB77,new orleans feeling hot hot hot ,210,88,111
opi,NLB70,new orleans dating a royal,53,59,117
opi,NLB69,new orleans green witch village ,77,152,92
opi,NLB54,teal the cows come home ,49,122,137
opi,NLB46,Need sun glasses ,231,175,53
opi,NLA69,live love carnaval,239,51,72
opi,NLA68,kiss me I'm brazilian ,242,91,134
opi,NLA59,next stop bikini zone ,128,100,115
opi,NLA46,koala bear-y,211,34,68
opi,NLA45,Barisbane bronze ,115,61,53
opi,NLA44,Tasmanian devil made medolt,231,45,46
opi,NLA36,Happy anniversary 948821,205,203,204
opi,NLA20,Lapaz itively hot 9425716,227,94,141
opi,NLA11,Senorita rose alita,177,78,99
opi,NLA06,Hawaiian orchid 9402317,233,195,216
opi,NLW42,Lincoln park after dark ,44,38,40
opi,NLB66,the it color ,243,158,32
opi,NLB86,short story ,233,91,133
opi,NLP16,planks a lot,122,98,160
opi,NLA18,peru B ruby-9425512,194,7,63
opi,NLB76,On collins ave,202,43,52
opi,NLG21,Nein nein nein ok fine,53,60,58
opi,HLC04,Meep meep meep,165,26,71
opi,NLM14,I'm all ears ,223,35,106
opi,NLT27,Get in the expresso lane,62,55,51
opi,NLG17,Don?t talk bach to me ,190,174,100
opi,NLG15,Deutsch you want me baby ,162,30,33
opi,NLM27,cozu melted in the sun,192,118,107
opi,NLT25,color to diner for ,141,38,54
opi,NLB78,classsic nail miami beet ,127,16,54
opi,NLL30,grand canyon sunset 9404810,187,73,87
opi,NLK09,Not like the movies ,116,123,123
opi,NLS48,tutti fruiti tonga ,225,192,185
opi,NLP61,samoan sand 9406119,235,203,182
opi,NLB30,purple with a purpose ,81,59,84
opi,NLP02,Nomads dream 9411218,160,115,98
opi,NLL03,kyoto pearl-9404014,214,215,210
opi,NL127,italian love affair 9420119,238,178,179
opi,NLR58,cosmo not tonight honey ,182,110,78
opi,NLC89,chocolate moose 9439311,128,89,78
opi,n/a,Snowfalling for you,246,194,202
opi,n/a,champagne long-lasting,146,80,88
opi,˜velvety rose pink,ornamental ,218,153,160
opi,red wine ,dressed to wines ,103,39,59
opi,Gold mettalic,this gold sleigs me ,225,206,121
opi,shimmery brown,Gingerbread man can,106,86,79
opi,playful fuchsia,merry in cran berry ,148,2,63
opi,velvety red ,Red-y for holidays ,126,4,33
opi,Febulous close-up,Lets talk an elfie,67,10,73
opi,metalic silver,tinsel tinsel lil star,137,141,150
opi,midnight blue,To all a good night ,49,61,62
opi,black glitter,Heart and coal,149,139,144
opi,winter wonderland,All a titter in glitter,177,214,212
opi,icy blue,Bling on it,164,185,223
opi,grey glitter,puttin on the glitz,29,38,41
opi,white pecles ,petal soft ,231,174,182
opi,pale gel,I couldn't bare less ,229,228,224
opi,sheer pink,Love in the bare ,242,213,218
opi,pinkish beige,put it in neutral ,240,211,207
opi,peep,one chic chick ,221,214,185
opi,creemy green ,I'm so swamped ,113,163,52
opi,pewter gel,take a righ on bourbon ,174,166,163
opi,orange gel,crawfishin for a complement ,247,171,137
opi,creamy peach,got myself into a jam balaya ,235,131,128
opi,cr?me gel ,she is a bad muffuletta,231,27,861
opi,rasberry cr?me ,spare me a french quarter ,141,10,78
opi,luscious purple ,I manicure for beads,115,40,99
opi,pink gel,suzi nail ,255,183,194
opi,nude shimmer ,Humidi tea ,234,165,153
opi,refreshing blush ,let me a bayou a drink ,242,215,216
opi,purple gel,do you lilac it ,173,144,200
opi,egg plant gel ,o suzi mio ,36,1,33
opi,5-0 hawaii,Hello hawaii ya ,102,81,111
opi,creamy grey ,I cannoli wear opi,238,240,239
opi,saucy red,gimme a lido kiss ,142,16,0
opi,cents shimmery copper ,worth a pretty penne,184,103,85
opi,persimmon cremey gel ,it's a piazza cake ,190,64,42
opi,dessert ,tiramisu for two,240,222,212
opi,mint green ,that's hula-rious ,206,221,200
opi,cremy nude ,do you take lei away ,215,190,186
opi,golden red ,go with the lava flow ,179,21,30
opi,lagoon blue ,This color is making waves ,93,107,120
opi,perfect purple gel ,just lanai-ing around ,198,104,141
opi,cremy sea green ,my dogsled is a hybrid ,62,177,163
opi,cinamon coffee,how great is your dane ,62,50,52
opi,pewter,designer series ,222,162,163
opi,melodious blue ,got the blues for red ,67,0,7
opi,clawed,I eat mainely lobster ,242,72,72
opi,pink gel hotter,hotter than you pink ,198,85,138
opi,white gel,funny bunny ,229,226,221
opi,periwinkle purple gel,you're such a budapest ,193,191,228
opi,dep blu ceme gel,opi eurso euro,28,11,55
opi,racy red violet ,miami beet,114,9,26
opi,sizzling red orange ,opi on collins ave ,241,54,65
opi,Brilliant red orange ,The thill of brazil ,159,0,23
opi,mod-ern light pink,Mod about you ,244,212,217
opi,bright orange red,my chihuahua bites ,233,1,59
opi,intoxicating ,Malaga wine ,87,5,28
opi,red shade of gel ,opi red ,105,3,4
opi,A vivacious chianti ,I'm not really a waitress ,76,10,11
opi,cremy nude gel,Don't bossa nova me around ,197,181,184
opi,˜enticing taupe gel,Taupe-less beatch ,165,151,162
opi,yellow gel,I just can't cope-acabana ,255,227,101
opi,confident orange gel,Toucan do it If you try ,251,126,106
opi,creamy white gel,it's in thr cloud ,220,215,211
opi,lovely sheer white ,Chiffon my mind ,237,226,224
opi,baby peach gel˜,stop it I'm blushing ,231,202,194
opi,melon gel,A great opera-tunity ,222,157,137
opi,cr?me shade of gel ,Aloha from opi,254,51,57
opi,Classic red,coca-cola red ,230,0,36
opi,red gel,color so hot it berns ,177,0,23
opi,ravishing red gel,Amore at the grand canal ,124,1,21
opi,red accent gel,chick flick cherry ,103,7,19
opi,happy pink gel,suzi shops and island hops ,245,197,207
opi,pastels ,do you lilac it ,201,153,193
opi,pale lilac,I am what I amethyst,223,225,238
opi,aqua gel nail,can't find my czechbook,110,179,198
opi,dark wine,bogota blackberry ,76,9,10
opi,dark black red ,black cherry chutney ,20,7,17
opi,opaque cr?me gel,be there in a prosecco ,230,218,206
opi,deep jungle green gel,Amazon amazoff,13,143,157
opi,crisp white gel,alpine snow ,232,232,232
opi,pastel blue gel nail˜,gelato on my mind ,206,230,230
opi,OPI?s newest pearly blue gel˜,This Color Hits all the High Notes,223,226,231
opi,"""steal-the-show",Drama at La Scala,1,66,86
opi,sapphire blue gel nail˜,"Duomo Days, Isola Nights",0,83,123
opi,shimmering light,Leonardo?s Model Color,116,97,153
opi,amethyst and violet˜,Galleria Vittorio Violet,149,129,178
opi,winning gel nail polish˜,"Addio Bad Nails, Ciao Great Nails",139,112,132
opi,bronzed gel nail polish,Fall-ing for Milan,165,118,100
opi,stand-alone gray gel,Suzi Talks with Her Hands,131,135,134
opi,shimmery granite gray gel˜,OPI Nails the Runway,88,83,92
opi,bouquet of ripened berries delight˜,Complimentary Wine,51,11,11
opi,sweet burn orange gel˜,Have Your Panettone and Eat it Too,205,92,12
opi,chestnut earth tones ,My Italian is a Little Rusty,178,81,39
opi,nude gel nail,Barefoot in Barcelona,191,136,129
opi,subtle and toasty taupe gel˜,Coconuts Over OPI,216,198,188
opi,˜dusky mauve gel˜,Reykjavik Has All the Hot Spots,145,79,91
opi,deep purple gel˜,Turn On the Northern Lights!,9,0,28
gabrini,3D,0,195,199,211
gabrini,3D,1,178,184,199
gabrini,3D,11,171,33,108
gabrini,3D,13,98,45,73
gabrini,3D,16,210,0,125
gabrini,3D,2,198,207,224
gabrini,3D,23,151,0,43
gabrini,3D,25,216,93,174
gabrini,3D,3,201,208,224
gabrini,3D,30,221,85,123
gabrini,3D,32,225,1,64
gabrini,3D,34,193,151,161
gabrini,3D,35,158,118,110
gabrini,3D,36,106,45,112
gabrini,3D,37,164,6,39
gabrini,3D,38,122,13,44
gabrini,3D,4,204,180,163
gabrini,3D,40,209,1,89
gabrini,3D,45,62,43,63
gabrini,3D,48,224,42,163
gabrini,3D,5,210,139,191
gabrini,3D,51,117,64,90
gabrini,3D,52,0,161,168
gabrini,3D,54,0,120,119
gabrini,3D,55,73,29,54
gabrini,3D,59,40,39,53
gabrini,3D,6,247,141,120
gabrini,3D,60,89,99,75
gabrini,3D,65,219,174,205
gabrini,3D,9,66,50,53
gabrini,Brilliant,B01,135,115,106
gabrini,Brilliant,B10,187,61,61
gabrini,Brilliant,B11,146,56,82
gabrini,Brilliant,B13,45,62,108
gabrini,Brilliant,B14,76,143,157
gabrini,Brilliant,B15,147,157,158
gabrini,Brilliant,B17,149,108,87
gabrini,Brilliant,B18,171,87,26
gabrini,Brilliant,B19,205,66,78
gabrini,Brilliant,B02,107,23,65
gabrini,Brilliant,B20,109,55,130
gabrini,Brilliant,B03,115,34,64
gabrini,Brilliant,B04,135,8,17
gabrini,Brilliant,B05,138,67,127
gabrini,Brilliant,B06,48,44,36
gabrini,Brilliant,B07,156,160,161
gabrini,Brilliant,B08,176,119,47
gabrini,Brilliant,B09,156,148,29
gabrini,Matte,1,197,200,215
gabrini,Matte,20,121,43,64
gabrini,Matte,21,217,152,194
gabrini,Matte,22,202,113,172
gabrini,Matte,23,220,32,117
gabrini,Matte,25,210,30,85
gabrini,Matte,28,156,97,168
gabrini,Matte,4,121,42,63
gabrini,Matte,8,51,53,68
gabrini,Matte,9,71,46,60
gabrini,NUDE,1,224,194,183
gabrini,NUDE,2,209,119,110
gabrini,NUDE,10,225,180,175
gabrini,NUDE,3,212,178,171
gabrini,NUDE,4,223,182,155
gabrini,NUDE,5,156,123,97
gabrini,NUDE,6,210,166,146
gabrini,NUDE,7,166,109,82
gabrini,NUDE,8,189,137,105
essie,nan,sheer luck,245,224,231
essie,nan,tuck it in my tux,246,241,238
essie,nan,marshmallow,240,229,225
essie,nan,waltz,233,229,217
essie,nan,baby's breath,245,231,222
essie,nan,allure,245,230,214
essie,nan,adore-a.ball,249,233,234
essie,nan,limo-scene,240,336,227
essie,nan,pass-port to sail,207,192,173
essie,nan,east hampton cottage,248,228,221
essie,nan,ballet slippers,215,190,185
essie,nan,angel food,241,221,214
essie,nan,mademoiselle,243,213,215
essie,nan,skinny dip,244,206,195
essie,nan,vanity fairest,225,228,225
essie,nan,hi maintenace,237,211,222
essie,nan,suggar daddy,251,208,225
essie,nan,spaghetti strap,241,190,199
essie,nan,pink glove service,246,189,195
essie,nan,back in the limo,248,184,172
essie,nan,let it bow,244,242,239
essie,nan,twinkle in time,236,237,242
essie,nan,all daisy long,233,227,213
essie,nan,blanc,232,232,232
essie,nan,going steady,235,228,212
essie,nan,galentine,249,193,198
essie,nan,pearly white,241,236,230
essie,nan,urban jungle,223,215,203
essie,nan,mixtaupe,230,211,205
essie,nan,imported bubbly,232,194,182
essie,nan,between the seats,219,201,197
essie,nan,go go geisha,233,197,201
essie,nan,talk to the sand,254,226,222
essie,nan,stirring secret,255,222,215
essie,nan,mind-full meditation,219,204,197
essie,nan,your's a catch,255,182,165
essie,nan,in full swing,154,180,171
essie,nan,feeling wellies,255,207,170
essie,nan,rainwear don't care,239,213,198
essie,nan,come out to  clay,252,185,176
essie,nan,like a rebel,212,154,143
essie,nan,home grown,219,127,105
essie,nan,call your bluff,160,104,91
essie,nan,of quartz ,152,106,88
essie,nan,into the a-bliss,228,140,152
essie,nan,lady like remixed,223,165,161
essie,nan,kaf-tan,218,124,52
essie,nan,on the bright cider,209,120,80
essie,nan,cliff hanger,198,119,89
essie,nan,rocky rose,217,77,62
essie,nan,bed rock & roll,158,49,42
essie,nan,lighten the mood,236,215,214
essie,nan,don't be salty,218,186,175
essie,nan,sand tropez,216,192,180
essie,nan,topless & barefoot,212,192,185
essie,nan,hogh class affairs,250,203,185
essie,nan,spin the bottle,243,204,197
essie,nan,perrennial chic,228,175,159
essie,nan,wide nude,192,150,145
essie,nan,lady like ,206,169,177
essie,nan,demure vix,196,156,158
essie,nan,not just a pretty face,215,188,179
essie,nan,brave  with me,219,172,156
essie,nan,sunny daze,141,44,18
essie,nan,less is aura,191,135,120
essie,nan,mamba,215,138,120
essie,nan,suit & tried,197,118,103
essie,nan,clothing optional,171,124,118
essie,nan,buy me a cameo,206,157,152
essie,nan,tea & crumpets,231,172,156
essie,nan,oh behave!,232,149,135
essie,nan,eternal optimist,241,174,165
essie,nan,fun in the gondola,219,106,124
essie,nan,let it glow,252,141,134
essie,nan,island hopping,141,81,100
essie,nan,high tides & divies,212,182,148
essie,nan,machacino,141,122,116
essie,nan,truth or bare,108,74,64
essie,nan,milk muffs,110,84,77
essie,nan,teacup half full,169,96,83
essie,nan,in stitches,164,57,83
essie,nan,mrs always right,172,63,85
essie,nan,angora cardi,112,46,60
essie,nan,chocolate cakes,35,1,0
essie,nan,seeing stars,90,53,37
essie,nan,polar-izing,229,189,198
essie,nan,ballet slippers remixed,254,218,218
essie,nan,crush & blush,238,186,190
essie,nan,bonbon nuit,246,216,242
essie,nan,ballet sneakers,255,215,226
essie,nan,kissed by mist,246,186,214
essie,nan,wet-swited up,245,182,198
essie,nan,everything's rosy,255,152,163
essie,nan,one way for one,232,125,167
essie,nan,blossom's besties,255,109,161
essie,nan,going  all in,187,110,128
essie,nan,satin slip,228,116,129
essie,nan,piece.love & chocolate,218,88,150
essie,nan,sparklessbetween us,218,73,140
essie,nan,good vibrations,227,99,176
essie,nan,no shade here,255,51,100
essie,nan,head over wheels,184,20,96
essie,nan,peak show,248,228,237
essie,nan,minimalistic,239,202,208
essie,nan,ramper room,249,218,221
essie,nan,muchi.muchi,253,227,228
essie,nan,wire-less is more,207,177,178
essie,nan,fiji,252,202,201
essie,nan,young.wild & me,235,277,275
essie,nan,pink diamond,244,190,198
essie,nan,need a vacation,230,161,180
essie,nan,resort fling,255,97,72
essie,nan,delhi dance,245,137,164
essie,nan,pin me pink,210,131,140
essie,nan,perfact mate,232,146,148
essie,nan,out of the jukebox,245,146,132
essie,nan,loive doive,248,140,190
essie,nan,mod squre,208,66,135
essie,nan,"your,me & the sea",210,95,144
essie,nan,pansy,252,98,134
essie,nan,babes in the booth,230,89,123
essie,nan,the fuchsia in bright,220,53,125
essie,nan,secret story,243,68,145
essie,nan,watermelon,222,4,81
essie,nan,bachelorette bash,221,39,100
essie,nan,double breasted jacket,235,56,77
essie,nan,haute in the heat,195,24,77
essie,nan,stop. Drop & shop,136,55,70
essie,nan,a touch of sugar,252,187,191
essie,nan,set in the sand stone,255,161,131
essie,nan,yes.i canyon,224,67,50
essie,nan,rust worthy,99,42,25
essie,nan,coral coast,246,195,176
essie,nan,Sunday funday,245,61,69
essie,nan,stones n'roses,255,167,176
essie,nan,peach side babe,254,139,136
essie,nan,tart deco,255,131,131
essie,nan,claim to fame,227,110,92
essie,nan,cute as a button,255,105,125
essie,nan,guilty pleasure,249,111,124
essie,nan,strikes a rose,255,83,139
essie,nan,come here!,255,85,85
essie,nan,ole caliente,247,66,75
essie,nan,at the helm,212,97,78
essie,nan,chubby cheeks,205,71,62
essie,nan,soles on fire,255,133,2
essie,nan,too too hot,248,63,58
essie,nan,meet me at sunset,242,56,31
essie,nan,peach daiquiri,247,74,94
essie,nan,clambake,254,44,35
essie,nan,e-nuf id e-nuf,230,50,77
essie,nan,sunshine state of mind,241,95,70
essie,nan,you're so cupied,233,65,99
essie,nan,feelin'poppy,255,35,21
essie,nan,spice it up,209,31,27
essie,nan,surprise & delight,168,13,29
essie,nan,berry nice,158,18,65
essie,nan,glazzed days,238,1,149
essie,nan,game theory,166,64,70
essie,nan,knotty or nice,158,18,64
essie,nan,adrenaline brush,201,1,1
essie,nan,wicked fierce,85,44,45
essie,nan,angora cardi remixed,175,87,103
essie,nan,ace of shades,54,8,10
essie,nan,berry naughty remixed,74,4,4
essie,nan,love-fate relationship,75,22,28
essie,nan,in a gingernap,175,24,94
essie,nan,wicked remixed,59,14,11
essie,nan,genanium,250,49,23
essie,nan,fifth avenue,220,16,5
essie,nan,iacquered up,222,14,30
essie,nan,forever yummy,168,0,13
essie,nan,cherry on top,215,4,71
essie,nan,exotic liras,214,9,65
essie,nan,be cherry,218,17,72
essie,nan,she's pampered,209,17,58
essie,nan,russion roulette,233,38,20
essie,nan,plumberry,122,26,54
essie,nan,really red,195,23,19
essie,nan,fishnet stockings,160,12,28
essie,nan,ring in the bling,225,77,100
essie,nan,#essie love,150,6,21
essie,nan,a-list,235,12,13
essie,nan,roses are red,141,0,0
essie,nan,limited addiction,171,32,29
essie,nan,with the band,169,34,40
essie,nan,scarlet o'hara,139,21,29
essie,nan,nailed it!,136,42,69
essie,nan,aperitif,226,8,7
essie,nan,bordeaux,70,24,27
essie,nan,hear me aurora,145,33,69
essie,nan,berry naughty ,80,2,0
essie,nan,wrapped in rubies,95,27,32
essie,nan,wicked,51,31,33
essie,nan,ruffle your petals,234,192,229
essie,nan,sugarplum fairytale,209,173,219
essie,nan,uv got me fadded,211,167,194
essie,nan,go ginza,211,195,222
essie,nan,suits you swell,193,114,161
essie,nan,worth the tassel,189,135,211
essie,nan,swing of things,124,10,59
essie,nan,lilacism,202,179,223
essie,nan,lace up and get down,134,76,152
essie,nan,nice is nice,207,182,212
essie,nan,saved by the belle,242,169,199
essie,nan,cascade cool,241,162,210
essie,nan,madison ave-hue,250,109,169
essie,nan,world is your oyster,116,91,146
essie,nan,play date,217,152,210
essie,nan,spring in your step,237,191,228
essie,nan,it takes a west village,204,133,163
essie,nan,splash of grenadine,211,116,174
essie,nan,shades on,158,131,198
essie,nan,girly grunge,157,148,167
essie,nan,you're a gem,124,77,75
essie,nan,just the way you arctic,171,150,167
essie,nan,flowerista,161,57,132
essie,nan,drive in & dine,129,46,72
essie,nan,big spender,214,5,132
essie,nan,hold'em tight,136,48,158
essie,nan,making harmony,109,70,91
essie,nan,sweet not sour,50,17,38
essie,nan,tangoed in love,103,38,156
essie,nan,hazy daze,58,44,79
essie,nan,jamaica me crazy,180,41,121
essie,nan,carry on,77,28,34
essie,nan,"new year, new hue",120,24,71
essie,nan,knee-high life,125,17,49
essie,nan,sole mate,75,23,36
essie,nan,sexy divide,44,2,84
essie,nan,in the lobby,88,24,51
essie,nan,bahama mama,70,15,44
essie,nan,kimono-over,66,33,80
essie,nan,sights on nightlights,52,28,76
essie,nan,luxedo,62,38,54
essie,nan,love at frost sight,196,213,243
essie,nan,find me an oasis,235,242,248
essie,nan,sway in crochet,153,211,240
essie,nan,make a splash,196,204,215
essie,nan,wishing on a star,92,99,128
essie,nan,wild card,1,83,169
essie,nan,get on board,5,84,133
essie,nan,ooh la lolly,0,62,106
essie,nan,waterfall in love,61,74,142
essie,nan,bustling bazaar,0,192,185
essie,nan,tied and blue,27,24,124
essie,nan,in plane view,49,97,102
essie,nan,let it ripple,180,237,248
essie,nan,at sea level,222,233,235
essie,nan,bikini so teeny,150,170,229
essie,nan,tiers of joy,176,150,197
essie,nan,salt water happy,160,186,223
essie,nan,lapiz of luxury,143,170,213
essie,nan,as if!,115,129,164
essie,nan,in the cab-ana,106,189,196
essie,nan,take the lead,105,181,217
essie,nan,strut your stuff,29,167,232
essie,nan,garden variety,73,155,169
essie,nan,glow with flow,63,100,146
essie,nan,blue-tiful horizon,120,112,155
essie,nan,pret-a-surfer,112,130,202
essie,nan,butler please,55,83,236
essie,nan,mezmerised,15,67,179
essie,nan,all access pass,70,58,158
essie,nan,loot the booty,10,28,84
essie,nan,cause & reflect,68,92,105
essie,nan,anchor down,83,93,118
essie,nan,aruba blue,3,25,75
essie,nan,no more film,50,43,85
essie,nan,on your mistletoes,83,51,58
essie,nan,bell-bottom blues,25,69,94
essie,nan,dressed to the nineties,23,59,84
essie,nan,after school boy blazer,16,22,46
essie,nan,style cartel,16,35,114
essie,nan,booties on broadway,24,43,76
essie,nan,bobbing for baubles,50,60,85
essie,nan,midnight cami,18,27,94
essie,nan,chillato,239,246,195
essie,nan,fashion playground,214,237,217
essie,nan,seas the day,203,248,243
essie,nan,peppermint condition,208,238,228
essie,nan,can dew attitude,201,213,190
essie,nan,earn your tidal,147,120,92
essie,nan,come on clover,131,159,59
essie,nan,reign check,73,86,92
essie,nan,tide of your life,68,112,116
essie,nan,heart of the jungle,109,121,73
essie,nan,"but first, candy",18,49,26
essie,nan,sweater weather,50,65,46
essie,nan,under wrapes,0,29,39
essie,nan,mint candy apple,173,210,193
essie,nan,empower-mint,110,167,150
essie,nan,turquoise & caicos,132,225,215
essie,nan,udon know me,117,158,164
essie,nan,bon boy-age,169,209,203
essie,nan,exposed,145,132,116
essie,nan,where's my chauffeur?,115,199,201
essie,nan,first timer,129,234,191
essie,nan,mojito madness,108,187,129
essie,nan,naughty nautical,20,193,187
essie,nan,stripes & sails,16,83,83
essie,nan,trophy wife,10,56,70
essie,nan,go overboard,6,64,84
essie,nan,off tropic,18,57,52
essie,nan,sunny business,253,240,195
essie,nan,hay there,253,213,140
essie,nan,fall for nyc,248,173,108
essie,nan,check your baggage,255,190,100
essie,nan,sweet supply,254,194,2
essie,nan,press pause,216,216,216
essie,nan,roll with it,209,170,180
essie,nan,let's boogie,155,155,165
essie,nan,easily suede,144,117,108
essie,nan,below zero,112,69,106
essie,nan,stop.look & glisten,178,159,144
essie,nan,smokin hot remixed,109,81,93
essie,nan,cocktail bling,184,185,203
essie,nan,without a stitch,192,183,186
essie,nan,maximillian strasses-her,155,176,167
essie,nan,the best-est,168,167,183
essie,nan,mooning,145,157,169
essie,nan,master plan,192,182,183
essie,nan,badget free,128,113,106
essie,nan,chinchilly,157,138,140
essie,nan,serene slate,156,158,153
essie,nan,social-light,177,150,143
essie,nan,toned down,141,140,156
essie,nan,merino cool,134,111,121
essie,nan,smokin' hot ,73,64,83
essie,nan,cashmere bathrobe,52,69,62
essie,nan,petal pusher,117,120,129
essie,nan,winnimg steaks,76,78,93
essie,nan,tribal text-styles,100,99,95
essie,nan,over the edge,30,21,26
essie,nan,on mute,64,63,69
essie,nan,generation zen,71,60,56
essie,nan,licorice,26,26,26
essie,nan,mosaic on down,198,141,97
essie,nan,get a psy-kick out of it,190,9,11
essie,nan,happy medium,252,39,105
essie,nan,caught on tape,225,118,3
essie,nan,gorge-ous geodes,152,80,59
essie,nan,in my orbit,155,155,157
essie,nan,making spirits bright,120,125,133
essie,nan,mani thanks,233,210,178
essie,nan,rock your world,134,133,123
essie,nan,semi-precious tones,150,115,77
essie,nan,space out,158,75,119
essie,nan,birthday girl,220,158,174
essie,nan,congrats,144,132,146
essie,nan,million miles hues,150,94,17
essie,nan,venture to the venue,211,192,185
essie,nan,beat of the moment,227,170,185
essie,nan,can't stop her in copper,205,131,70
essie,nan,city sliker,105,12,57
essie,nan,stay up slate,95,95,103
essie,nan,night owl,4,78,88
essie,nan,apres-chic,160,167,175
essie,nan,a cut above,137,57,60
essie,nan,beyond cozy,173,168,149
essie,nan,empire shade of mind,134,138,139
essie,nan,getting groovy,187,147,86
essie,nan,gold as gold,215,197,173
essie,nan,jazzy jubilant,199,179,185
essie,nan,leggy legend,154,92,35
essie,nan,no place like chrome,193,193,193
essie,nan,out of this world,136,123,133
essie,nan,penny talk,144,107,90
essie,nan,pure pearlfection,215,211,208
essie,nan,reflection perfection,194,144,137
essie,nan,rock at the top,165,143,85
essie,nan,say it ain't soho,155,69,39
essie,nan,set in stones,154,161,167
essie,nan,sparkles on top,203,204,206
essie,nan,stars aligned,165,118,91
essie,nan,summit of style,255,243,196
essie,nan,lace is more,251,226,221
essie,gel couture,gossamer garments,255,179,185
essie,gel couture,sheer silhouette,244,157,137
essie,gel couture,bodice goddess,235,150,169
essie,gel couture,of corset,240,184,169
essie,gel couture,last nightie,217,164,162
essie,gel couture,dress me more,225,238,230
essie,gel couture,fairy tailor,252,202,191
essie,gel couture,sheer fantancy,251,189,168
essie,gel couture,blush-worthy,255,197,193
essie,gel couture,inside scoop,255,201,196
essie,gel couture,chiffon the move,243,238,235
essie,gel couture,lace to the altar,237,237,235
essie,gel couture,pre-show jitters,247,232,227
essie,gel couture,picture perfect,244,237,227
essie,gel couture,satin slipper,248,215,198
essie,gel couture,lace me up,225,229,228
essie,gel couture,diamond in the cuff,245,209,201
essie,gel couture,wearing hue?,247,215,204
essie,gel couture,make the cut,197,177,170
essie,gel couture,buttoned & buffed,237,183,166
essie,gel couture,low tide high slit,232,157,137
essie,gel couture,wool me over,155,134,121
essie,gel couture,handmade of honor,245,195,172
essie,gel couture,spool me over,255,198,174
essie,gel couture,tailor made with love,250,154,138
essie,gel couture,touch up,210,140,150
essie,gel couture,at the barre,228,180,157
essie,gel couture,sew me,255,181,162
essie,gel couture,pinned up,239,169,158
essie,gel couture,princess charming,235,174,171
essie,gel couture,stitch by stitch,253,173,176
essie,gel couture,last nights look,254,141,161
essie,gel couture,walk the hemline,163,83,84
essie,gel couture,take me to thread,167,141,142
essie,gel couture,pearls of wisdom,116,50,35
essie,gel couture,matter of fiction,253,214,216
essie,gel couture,sequ-in the know,190,73,82
essie,gel couture,pr stunt,253,202,212
essie,gel couture,moments of mrs,212,141,173
essie,gel couture,haute to trot,248,122,143
essie,gel couture,model citizen,244,95,143
essie,gel couture,the it-factor,233,22,84
essie,gel couture,sit me in the front row,197,0,92
essie,gel couture,v.i.please,166,28,62
essie,gel couture,coastal couture,240,94,95
essie,gel couture,sunrush metal,222,103,80
essie,gel couture,sunset soiree,221,100,107
essie,gel couture,hold the position,251,172,165
essie,gel couture,couture curator,255,168,148
essie,gel couture,exhibit a-line,255,147,122
essie,gel couture,looks to thrill,255,142,110
essie,gel couture,signature smile,255,129,135
essie,gel couture,on the list,255,112,105
essie,gel couture,sizzling hot,254,52,68
essie,gel couture,style stunner,255,55,19
essie,gel couture,flashed,255,0,24
essie,gel couture,sequines on the rocks,190,52,85
essie,gel couture,bold boundaries,235,0,69
essie,gel couture,lady in red,199,0,20
essie,gel couture,bueaty marked,212,0,24
essie,gel couture,living legend,246,2,55
essie,gel couture,rock the runway,215,1,13
essie,gel couture,drop the gown,158,4,54
essie,gel couture,forever family,139,45,79
essie,gel couture,scarlet starlet,126,0,4
essie,gel couture,rue de la ruby,146,0,36
essie,gel couture,bubble only,132,0,24
essie,gel couture,spiked with style,73,1,2
essie,gel couture,gala vanting,68,0,15
essie,gel couture,point the gown red,153,42,49
essie,gel couture,good knight,50,1,4
essie,gel couture,style in excess,196,188,203
essie,gel couture,dress call,222,180,222
essie,gel couture,what's the stitch,207,184,210
essie,gel couture,labels only,118,114,178
essie,gel couture,set the seam,169,60,109
essie,gel couture,beau-tie,99,56,146
essie,gel couture,in my element,164,101,130
essie,gel couture,turn 'n'pose,85,35,62
essie,gel couture,berry in love,143,41,83
essie,gel couture,model clicks,52,1,18
essie,gel couture,graced in garnet,101,19,57
essie,gel couture,amethyst noir,50,15,45
essie,gel couture,perfact posture,206,207,226
essie,gel couture,once upon a time,151,149,170
essie,gel couture,getting intricate,194,223,219
essie,gel couture,dye-mentions,173,221,221
essie,gel couture,fiest view,163,206,212
essie,gel couture,find me a mannequium,42,45,129
essie,gel couture,front page worthy,32,32,56
essie,gel couture,off duty style,0,74,85
essie,gel couture,surrounded by studs,17,39,60
essie,gel couture,caviar bar,2,29,58
essie,gel couture,sage you love me,197,208,200
essie,gel couture,zip me up,211,219,181
essie,gel couture,take a walk,203,205,140
essie,gel couture,beauty nap,142,172,134
essie,gel couture,spellbound,116,118,115
essie,gel couture,jade of measure,79,142,121
essie,gel couture,wrap party,16,49,28
essie,gel couture,atelier at the bay,253,242,224
essie,gel couture,avant-garments,254,233,116
essie,gel couture,closing night,173,174,176
essie,gel couture,twill seeker,82,64,80
essie,gel couture,hang up the heel,18,27,24
essie,gel couture,all I tweed,152,105,87
essie,gel couture,down to the herring bone,94,69,47
essie,gel couture,steel the show,201,128,101
essie,gel couture,sun-day style,110,52,38
essie,gel couture,what s gold new,159,84,45
essie,gel couture,daring damsel,148,110,89
essie,gel couture,fashion face off,148,136,130
essie,gel couture,gold gilding,199,117,114
essie,gel couture,star studded,219,144,77
essie,gel couture,to have and to gold,187,152,141
essie,gel couture,you're golden,213,179,212
essie,gel couture,always transparent,251,251,249
essie,expessie,desk mani,247,137,100
essie,expessie,buns up,228,179,162
essie,expessie,don't be latte,175,137,99
essie,expessie,mid-day mocha,165,118,90
essie,expessie,checked in,214,134,133
essie,expessie,hustle n bustle,225,86,79
essie,expessie,bold and be bold,213,55,10
essie,expessie,notification on,161,63,62
essie,expessie,seize the minute,191,4,13
essie,expessie,not so low-key,105,7,22
essie,expessie,precious cargo-go!,154,144,94
essie,expessie,express to impress,195,247,201
essie,expessie,bring-worthy,205,187,173
essie,expessie,no time for local,147,124,110
essie,expessie,now or never,32,32,32
essie,expessie,misfit right in,158,58,42
Maybelline,170,NUDE FLUSH,237,169,167
Maybelline,100,Topcoat,228,230,231
Maybelline,105,Tease,250,247,250
Maybelline,110,Slay it,23,25,22
Maybelline,115,royal ,0,33,146
Maybelline,120,wicked berry ,113,41,87
Maybelline,125,vivid violet,202,142,196
Maybelline,130,pink charge ,163,85,105
Maybelline,135,fuschia ecstasy,192,1,83
Maybelline,140,rebel red,122,2,8
Maybelline,145,red punch,155,12,22
Maybelline,150,orange shot,255,81,108
Maybelline,155,twisted tulip,228,118,123
Maybelline,160,possessed plum,68,13,31
Maybelline,165,smoky rose,113,67,44
Maybelline,175,nude thrill,206,133,94
Maybelline,180,grey envy,133,113,82
Maybelline,185,sinful stone,132,113,101
Maybelline,20,Blush berry,138,43,65
Maybelline,42,Brooklyn bricks,147,35,31
Maybelline,6,Bubblicious,209,0,92
Maybelline,,Burgundy kiss ,91,44,52
Maybelline,73,city smoke,146,148,163
Maybelline,30,Fire island,239,135,122
Maybelline,11,From Ny with love,255,132,135
Maybelline,1,Go bare,234,141,108
Maybelline,108,Golden sand ,209,165,90
Maybelline,52,It's a boy ,164,212,226
Maybelline,21,Lilac wine,216,182,206
Maybelline,33,Lux lobster,255,105,54
Maybelline,28,Mad in madison,46,20,21
Maybelline,7,Nude suede,227,143,103
Maybelline,13,Ny princess,238,120,157
Maybelline,25,plum it up,73,29,52
Maybelline,43,Red apple,203,0,4
Maybelline,60,Roof terrace ,118,216,193
Maybelline,,rose chic,26,6,5
Maybelline,10,Spotlight,10,8,13
Maybelline,12,sunset cosmo,255,99,102
Maybelline,24,very violet,91,41,110
Maybelline,130,winter baby ,198,191,181
Maybelline,,Blood orange ,242,77,81
Maybelline,,modern mauve,213,185,163
Maybelline,,snowed in,243,238,232
Maybelline,77,Nebline,242,215,220
Maybelline,649,clear shine,246,246,246
Maybelline,342,coral craze,216,142,131
Maybelline,352,Downtown red,97,22,45
Maybelline,749,electric yellow,245,211,18
Maybelline,549,Midnight taupe,134,102,107
Maybelline,341,orange attack ,234,87,49
Maybelline,640,Brocade rose ,156,153,125
Maybelline,510,chameleon green,26,134,131
Maybelline,31,peach pie,229,194,201
Maybelline,349,power red ,254,85,62
Maybelline,320,cool blue ,111,197,222
Maybelline,83,pinkbikini,244,117,168
Maybelline,700,frozen,148,187,201
Maybelline,730,apricot coral,219,121,106
Maybelline,650,brocade black,52,52,54
Maybelline,630,brocade ruby ,196,103,129
Maybelline,,better in buff ,166,109,90
Maybelline,330,ocean blue ,15,49,172
Maybelline,100,secret beige,245,115,167
Maybelline,677,blackout,66,69,76
Maybelline,262 tajori,pink boom,254,142,192
Maybelline,,wine and forever ,103,37,49
Maybelline,,walk in the park ,31,51,52
Maybelline,,taupe on trend ,152,122,124
Maybelline,,rich in ruby ,98,26,29
Maybelline,,punk rock pink ,255,187,170
Maybelline,,Pretty in peach ,232,141,114
Maybelline,,pink and proper ,187,117,119
Maybelline,,pink embrace ,209,177,190
Maybelline,,petal plush ,164,94,94
Maybelline,,over jeweled ,238,156,179
Maybelline,,neutral statment ,191,154,138
Maybelline,,midnight blue ,33,29,46
Maybelline,,mauve in manhattan ,107,60,70
Maybelline,,lust for lilac ,194,128,192
Maybelline,,home sweet chrome ,72,90,110
Maybelline,,Hibiscus haven ,213,117,121
Maybelline,,gilded rose ,179,170,147
Maybelline,,emerald city ,10,147,155
Maybelline,,dust of bronze ,171,154,146
Maybelline,,diamond in the rough ,203,200,195
Maybelline,,deep in violet ,37,18,40
Maybelline,,crushed clementine,221,47,24
Maybelline,,blue bombshell ,17,64,168
Maybelline,,Porcelain Party,233,235,224
Maybelline,,Pinkalicious,196,51,92
Maybelline,,orange fix,215,20,13
Maybelline,,Paint the Town,111,16,21
Maybelline,,Crushed Candy,139,23,40
Maybelline,,Born With It,251,212,231
Maybelline,,Shocking Seas,44,96,151
Maybelline,,Pink Voltage,214,129,170
Maybelline,,Silver Linings,193,198,214
Maybelline,,moon beam,240,240,242
Maybelline,,Sweet Sunshine,245,213,58
Maybelline,,Berry Sexy,184,72,119
Maybelline,,Black Currant Pop,170,157,198
MEDORA OF LONDON,324,MEDORA LIGHT NUDE NAILPOLISH,160,102,62
MEDORA OF LONDON,309,NAIL ENAMEL,112,93,83
MEDORA OF LONDON,405,NAIL ENAMEL,97,59,46
MEDORA OF LONDON,343,NAIL ENAMEL,94,56,27
MEDORA OF LONDON,337,NAIL ENAMEL,125,54,51
MEDORA OF LONDON,372,NAIL ENAMEL,82,76,81
MEDORA OF LONDON,346,NAIL ENAMEL,124,26,18
MEDORA OF LONDON,349,NAIL ENAMEL,227,217,112
MEDORA OF LONDON,470,NAIL ENAMEL,157,11,30
MEDORA OF LONDON,,MEDORA MANI & PADI NATURAL PINK,95,134,141
MEDORA OF LONDON,34,NAIL ENAMEL,207,181,166
MEDORA OF LONDON,25,NAIL ENAMEL,162,160,153
MEDORA OF LONDON,15,NAIL ENAMEL,157,63,81
MEDORA OF LONDON,340,MEDORA NAIL POLISH,99,63,61
MEDORA OF LONDON,382,NAIL ENAMEL,94,71,168
MEDORA OF LONDON,18,NAIL POLISH,107,45,51
MEDORA OF LONDON,226,NAIL ENAMEL,106,95,111
MEDORA OF LONDON,409,NAIL ENAMEL,135,102,83
MEDORA OF LONDON,330,NAIL ENAMEL,212,121,118
MEDORA OF LONDON,329,NAIL ENAMEL,192,129,156
MEDORA OF LONDON,348,NAIL ENAMEL,59,182,103
MEDORA OF LONDON,567,NAIL ENAMEL,206,64,81
MEDORA OF LONDON,568,NAIL ENAMEL,192,36,53
MEDORA OF LONDON,642,NAIL ENAMEL,165,147,116
MEDORA OF LONDON,634,NAIL ENAMEL,47,140,126
MEDORA OF LONDON,618,NAIL ENAMEL,45,44,52
MEDORA OF LONDON,238,NAIL ENAMEL,105,22,32
MEDORA OF LONDON,222,NAIL ENAMEL,197,75,70
MEDORA OF LONDON,563,NAIL ENAMEL,198,77,122
MEDORA OF LONDON,107,NAIL ENAMEL,121,172,176
MEDORA OF LONDON,271,NAIL ENAMEL,219,150,181
MEDORA OF LONDON,638,NAIL ENAMEL,93,218,228
MEDORA OF LONDON,394,NAIL ENAMEL,174,73,112
MEDORA OF LONDON,611,NAIL ENAMEL,168,168,174
MEDORA OF LONDON,639,NAIL ENAMEL,237,188,32
MEDORA OF LONDON,261,NAIL ENAMEL,248,232,196
